{"v":"5.6.5","fr":29.9700012207031,"ip":0,"op":37.0000015070409,"w":484,"h":484,"nm":"Comp 1","ddd":0,"assets":[],"layers":[{"ddd":0,"ind":1,"ty":4,"nm":"Layer 2 Outlines","sr":1,"ks":{"o":{"a":0,"k":100,"ix":11},"r":{"a":0,"k":0,"ix":10},"p":{"a":0,"k":[259.035,211.458,0],"ix":2},"a":{"a":0,"k":[5.2,6.125,0],"ix":1},"s":{"a":0,"k":[100,100,100],"ix":6}},"ao":0,"shapes":[{"ty":"gr","it":[{"ind":0,"ty":"sh","ix":1,"ks":{"a":0,"k":{"i":[[0,0],[0,0],[0,0],[0,0]],"o":[[0,0],[0,0],[0,0],[0,0]],"v":[[-4.95,-1.756],[-2.885,5.875],[4.95,4.103],[0.795,-5.875]],"c":true},"ix":2},"nm":"Path 1","mn":"ADBE Vector Shape - Group","hd":false},{"ty":"fl","c":{"a":0,"k":[1,0.709999952129,0.451000019148,1],"ix":4},"o":{"a":0,"k":100,"ix":5},"r":1,"bm":0,"nm":"Fill 1","mn":"ADBE Vector Graphic - Fill","hd":false},{"ty":"tr","p":{"a":0,"k":[5.2,6.125],"ix":2},"a":{"a":0,"k":[0,0],"ix":1},"s":{"a":0,"k":[100,100],"ix":3},"r":{"a":0,"k":0,"ix":6},"o":{"a":0,"k":100,"ix":7},"sk":{"a":0,"k":0,"ix":4},"sa":{"a":0,"k":0,"ix":5},"nm":"Transform"}],"nm":"Group 1","np":2,"cix":2,"bm":0,"ix":1,"mn":"ADBE Vector Group","hd":false}],"ip":0,"op":38.0000015477717,"st":0,"bm":0},{"ddd":0,"ind":2,"ty":4,"nm":"Layer 3 Outlines","sr":1,"ks":{"o":{"a":0,"k":100,"ix":11},"r":{"a":0,"k":0,"ix":10},"p":{"a":0,"k":[265.591,210.572,0],"ix":2},"a":{"a":0,"k":[6.011,5.24,0],"ix":1},"s":{"a":0,"k":[100,100,100],"ix":6}},"ao":0,"shapes":[{"ty":"gr","it":[{"ind":0,"ty":"sh","ix":1,"ks":{"a":0,"k":{"i":[[0,0],[0,0],[0,0],[0.286,3.984]],"o":[[0,0],[0,0],[0,0],[0,0]],"v":[[2.824,-4.683],[-5.761,-4.99],[-1.606,4.99],[5.475,-0.357]],"c":true},"ix":2},"nm":"Path 1","mn":"ADBE Vector Shape - Group","hd":false},{"ty":"mm","mm":4,"nm":"Merge Paths 1","mn":"ADBE Vector Filter - Merge","hd":false},{"ty":"fl","c":{"a":0,"k":[1,0.709999952129,0.451000019148,1],"ix":4},"o":{"a":0,"k":100,"ix":5},"r":1,"bm":0,"nm":"Fill 1","mn":"ADBE Vector Graphic - Fill","hd":false},{"ty":"tr","p":{"a":0,"k":[6.011,5.24],"ix":2},"a":{"a":0,"k":[0,0],"ix":1},"s":{"a":0,"k":[100,100],"ix":3},"r":{"a":0,"k":0,"ix":6},"o":{"a":0,"k":100,"ix":7},"sk":{"a":0,"k":0,"ix":4},"sa":{"a":0,"k":0,"ix":5},"nm":"Transform"}],"nm":"Group 1","np":3,"cix":2,"bm":0,"ix":1,"mn":"ADBE Vector Group","hd":false}],"ip":0,"op":38.0000015477717,"st":0,"bm":0},{"ddd":0,"ind":3,"ty":4,"nm":"Layer 50 Outlines","sr":1,"ks":{"o":{"a":0,"k":100,"ix":11},"r":{"a":0,"k":0,"ix":10},"p":{"a":0,"k":[215.546,164.791,0],"ix":2},"a":{"a":0,"k":[7.74,12.674,0],"ix":1},"s":{"a":1,"k":[{"i":{"x":[0,0,0.667],"y":[0.986,0.986,1]},"o":{"x":[0.075,0.075,0.333],"y":[0.51,0.51,0]},"t":30,"s":[0,0,100]},{"t":34.0000013848484,"s":[100,100,100]}],"ix":6}},"ao":0,"shapes":[{"ty":"gr","it":[{"ind":0,"ty":"sh","ix":1,"ks":{"a":0,"k":{"i":[[2.167,0],[0.442,0.123],[-0.729,2.633],[0,0],[-2.631,-0.729],[0.729,-2.632],[0,0]],"o":[[-0.437,0],[-2.632,-0.729],[0,0],[0.729,-2.633],[2.632,0.729],[0,0],[-0.606,2.191]],"v":[[-1.992,12.423],[-3.315,12.242],[-6.761,6.156],[-2.772,-8.247],[3.315,-11.694],[6.761,-5.608],[2.771,8.797]],"c":true},"ix":2},"nm":"Path 1","mn":"ADBE Vector Shape - Group","hd":false},{"ty":"mm","mm":4,"nm":"Merge Paths 1","mn":"ADBE Vector Filter - Merge","hd":false},{"ty":"fl","c":{"a":0,"k":[1,1,1,1],"ix":4},"o":{"a":0,"k":100,"ix":5},"r":1,"bm":0,"nm":"Fill 1","mn":"ADBE Vector Graphic - Fill","hd":false},{"ty":"tr","p":{"a":0,"k":[7.739,12.674],"ix":2},"a":{"a":0,"k":[0,0],"ix":1},"s":{"a":0,"k":[100,100],"ix":3},"r":{"a":0,"k":0,"ix":6},"o":{"a":0,"k":100,"ix":7},"sk":{"a":0,"k":0,"ix":4},"sa":{"a":0,"k":0,"ix":5},"nm":"Transform"}],"nm":"Group 1","np":3,"cix":2,"bm":0,"ix":1,"mn":"ADBE Vector Group","hd":false}],"ip":30.0000012219251,"op":38.0000015477717,"st":60.0000024438501,"bm":0},{"ddd":0,"ind":4,"ty":4,"nm":"Layer 43 Outlines","sr":1,"ks":{"o":{"a":0,"k":100,"ix":11},"r":{"a":0,"k":0,"ix":10},"p":{"a":0,"k":[191.015,167.771,0],"ix":2},"a":{"a":0,"k":[9.018,11.521,0],"ix":1},"s":{"a":1,"k":[{"i":{"x":[0,0,0.667],"y":[0.992,0.992,1]},"o":{"x":[0.075,0.075,0.333],"y":[0.385,0.385,0]},"t":27,"s":[0,0,100]},{"t":31.0000012626559,"s":[100,100,100]}],"ix":6}},"ao":0,"shapes":[{"ty":"gr","it":[{"ind":0,"ty":"sh","ix":1,"ks":{"a":0,"k":{"i":[[0.743,0],[0.819,1.447],[0,0],[-2.139,1.211],[-1.211,-2.139],[0,0],[2.14,-1.211]],"o":[[-1.551,0],[0,0],[-1.212,-2.139],[2.141,-1.21],[0,0],[1.212,2.14],[-0.692,0.392]],"v":[[3.687,11.271],[-0.191,9.012],[-7.555,-3.994],[-5.876,-10.061],[0.191,-8.381],[7.555,4.625],[5.876,10.692]],"c":true},"ix":2},"nm":"Path 1","mn":"ADBE Vector Shape - Group","hd":false},{"ty":"mm","mm":4,"nm":"Merge Paths 1","mn":"ADBE Vector Filter - Merge","hd":false},{"ty":"fl","c":{"a":0,"k":[1,1,1,1],"ix":4},"o":{"a":0,"k":100,"ix":5},"r":1,"bm":0,"nm":"Fill 1","mn":"ADBE Vector Graphic - Fill","hd":false},{"ty":"tr","p":{"a":0,"k":[9.018,11.521],"ix":2},"a":{"a":0,"k":[0,0],"ix":1},"s":{"a":0,"k":[100,100],"ix":3},"r":{"a":0,"k":0,"ix":6},"o":{"a":0,"k":100,"ix":7},"sk":{"a":0,"k":0,"ix":4},"sa":{"a":0,"k":0,"ix":5},"nm":"Transform"}],"nm":"Group 1","np":3,"cix":2,"bm":0,"ix":1,"mn":"ADBE Vector Group","hd":false}],"ip":27.0000010997325,"op":38.0000015477717,"st":54.0000021994651,"bm":0},{"ddd":0,"ind":5,"ty":4,"nm":"Layer 45 Outlines","sr":1,"ks":{"o":{"a":0,"k":100,"ix":11},"r":{"a":0,"k":0,"ix":10},"p":{"a":0,"k":[175.805,187.348,0],"ix":2},"a":{"a":0,"k":[11.849,6.424,0],"ix":1},"s":{"a":1,"k":[{"i":{"x":[0,0,0.667],"y":[1.003,1.003,1]},"o":{"x":[0.075,0.075,0.333],"y":[0.505,0.505,0]},"t":23,"s":[0,0,100]},{"t":27.0000010997325,"s":[100,100,100]}],"ix":6}},"ao":0,"shapes":[{"ty":"gr","it":[{"ind":0,"ty":"sh","ix":1,"ks":{"a":0,"k":{"i":[[1.734,0],[0.354,0.099],[0,0],[-0.584,2.106],[-2.107,-0.587],[0,0],[0.583,-2.106]],"o":[[-0.35,0],[0,0],[-2.106,-0.583],[0.583,-2.106],[0,0],[2.106,0.584],[-0.486,1.752]],"v":[[7.205,6.173],[6.146,6.029],[-8.258,2.04],[-11.015,-2.829],[-6.146,-5.586],[8.259,-1.598],[11.016,3.273]],"c":true},"ix":2},"nm":"Path 1","mn":"ADBE Vector Shape - Group","hd":false},{"ty":"mm","mm":4,"nm":"Merge Paths 1","mn":"ADBE Vector Filter - Merge","hd":false},{"ty":"fl","c":{"a":0,"k":[1,1,1,1],"ix":4},"o":{"a":0,"k":100,"ix":5},"r":1,"bm":0,"nm":"Fill 1","mn":"ADBE Vector Graphic - Fill","hd":false},{"ty":"tr","p":{"a":0,"k":[11.849,6.424],"ix":2},"a":{"a":0,"k":[0,0],"ix":1},"s":{"a":0,"k":[100,100],"ix":3},"r":{"a":0,"k":0,"ix":6},"o":{"a":0,"k":100,"ix":7},"sk":{"a":0,"k":0,"ix":4},"sa":{"a":0,"k":0,"ix":5},"nm":"Transform"}],"nm":"Group 1","np":3,"cix":2,"bm":0,"ix":1,"mn":"ADBE Vector Group","hd":false}],"ip":23.0000009368092,"op":38.0000015477717,"st":46.0000018736184,"bm":0},{"ddd":0,"ind":6,"ty":4,"nm":"Layer 47 Outlines","sr":1,"ks":{"o":{"a":0,"k":100,"ix":11},"r":{"a":0,"k":0,"ix":10},"p":{"a":0,"k":[178.827,211.854,0],"ix":2},"a":{"a":0,"k":[10.708,7.642,0],"ix":1},"s":{"a":1,"k":[{"i":{"x":[0,0,0.667],"y":[0.992,0.992,1]},"o":{"x":[0.1,0.1,0.333],"y":[0.565,0.565,0]},"t":18,"s":[0,0,100]},{"t":21.0000008553475,"s":[100,100,100]}],"ix":6}},"ao":0,"shapes":[{"ty":"gr","it":[{"ind":0,"ty":"sh","ix":1,"ks":{"a":0,"k":{"i":[[0.578,0],[0.637,1.125],[-1.664,0.942],[0,0],[-0.943,-1.663],[1.664,-0.942],[0,0]],"o":[[-1.207,0],[-0.942,-1.664],[0,0],[1.665,-0.943],[0.942,1.664],[0,0],[-0.539,0.305]],"v":[[-6.5,7.391],[-9.516,5.636],[-8.209,0.917],[4.797,-6.449],[9.516,-5.143],[8.209,-0.423],[-4.797,6.942]],"c":true},"ix":2},"nm":"Path 1","mn":"ADBE Vector Shape - Group","hd":false},{"ty":"mm","mm":4,"nm":"Merge Paths 1","mn":"ADBE Vector Filter - Merge","hd":false},{"ty":"fl","c":{"a":0,"k":[1,1,1,1],"ix":4},"o":{"a":0,"k":100,"ix":5},"r":1,"bm":0,"nm":"Fill 1","mn":"ADBE Vector Graphic - Fill","hd":false},{"ty":"tr","p":{"a":0,"k":[10.708,7.641],"ix":2},"a":{"a":0,"k":[0,0],"ix":1},"s":{"a":0,"k":[100,100],"ix":3},"r":{"a":0,"k":0,"ix":6},"o":{"a":0,"k":100,"ix":7},"sk":{"a":0,"k":0,"ix":4},"sa":{"a":0,"k":0,"ix":5},"nm":"Transform"}],"nm":"Group 1","np":3,"cix":2,"bm":0,"ix":1,"mn":"ADBE Vector Group","hd":false}],"ip":18.000000733155,"op":38.0000015477717,"st":38.0000015477717,"bm":0},{"ddd":0,"ind":7,"ty":4,"nm":"Layer 49 Outlines","sr":1,"ks":{"o":{"a":0,"k":100,"ix":11},"r":{"a":0,"k":0,"ix":10},"p":{"a":0,"k":[198.309,227.146,0],"ix":2},"a":{"a":0,"k":[5.542,10.584,0],"ix":1},"s":{"a":1,"k":[{"i":{"x":[0,0,0.667],"y":[0.997,0.997,1]},"o":{"x":[0.06,0.06,0.333],"y":[0.597,0.597,0]},"t":13,"s":[0,0,100]},{"t":18.000000733155,"s":[100,100,100]}],"ix":6}},"ao":0,"shapes":[{"ty":"gr","it":[{"ind":0,"ty":"sh","ix":1,"ks":{"a":0,"k":{"i":[[1.301,0],[0.265,0.073],[-0.438,1.579],[0,0],[-1.581,-0.435],[0.437,-1.58],[0,0]],"o":[[-0.262,0],[-1.58,-0.438],[0,0],[0.438,-1.579],[1.579,0.438],[0,0],[-0.364,1.314]],"v":[[-1.993,10.334],[-2.786,10.226],[-4.854,6.574],[-0.865,-7.831],[2.787,-9.899],[4.855,-6.247],[0.865,8.158]],"c":true},"ix":2},"nm":"Path 1","mn":"ADBE Vector Shape - Group","hd":false},{"ty":"mm","mm":4,"nm":"Merge Paths 1","mn":"ADBE Vector Filter - Merge","hd":false},{"ty":"fl","c":{"a":0,"k":[1,1,1,1],"ix":4},"o":{"a":0,"k":100,"ix":5},"r":1,"bm":0,"nm":"Fill 1","mn":"ADBE Vector Graphic - Fill","hd":false},{"ty":"tr","p":{"a":0,"k":[5.542,10.584],"ix":2},"a":{"a":0,"k":[0,0],"ix":1},"s":{"a":0,"k":[100,100],"ix":3},"r":{"a":0,"k":0,"ix":6},"o":{"a":0,"k":100,"ix":7},"sk":{"a":0,"k":0,"ix":4},"sa":{"a":0,"k":0,"ix":5},"nm":"Transform"}],"nm":"Group 1","np":3,"cix":2,"bm":0,"ix":1,"mn":"ADBE Vector Group","hd":false}],"ip":13.0000005295009,"op":38.0000015477717,"st":30.0000012219251,"bm":0},{"ddd":0,"ind":8,"ty":4,"nm":"Layer 44 Outlines","sr":1,"ks":{"o":{"a":0,"k":100,"ix":11},"r":{"a":0,"k":0,"ix":10},"p":{"a":0,"k":[222.84,224.113,0],"ix":2},"a":{"a":0,"k":[6.757,9.402,0],"ix":1},"s":{"a":1,"k":[{"i":{"x":[0.295,0.295,0.667],"y":[1.001,1.001,1]},"o":{"x":[0.06,0.06,0.333],"y":[0.695,0.695,0]},"t":7,"s":[0,0,100]},{"t":12.00000048877,"s":[100,100,100]}],"ix":6}},"ao":0,"shapes":[{"ty":"gr","it":[{"ind":0,"ty":"sh","ix":1,"ks":{"a":0,"k":{"i":[[0.413,0],[0.455,0.803],[0,0],[-1.188,0.673],[-0.672,-1.188],[0,0],[1.188,-0.673]],"o":[[-0.862,0],[0,0],[-0.672,-1.188],[1.19,-0.673],[0,0],[0.673,1.189],[-0.385,0.217]],"v":[[3.685,9.152],[1.531,7.898],[-5.835,-5.109],[-4.901,-8.479],[-1.531,-7.546],[5.834,5.46],[4.901,8.831]],"c":true},"ix":2},"nm":"Path 1","mn":"ADBE Vector Shape - Group","hd":false},{"ty":"mm","mm":4,"nm":"Merge Paths 1","mn":"ADBE Vector Filter - Merge","hd":false},{"ty":"fl","c":{"a":0,"k":[1,1,1,1],"ix":4},"o":{"a":0,"k":100,"ix":5},"r":1,"bm":0,"nm":"Fill 1","mn":"ADBE Vector Graphic - Fill","hd":false},{"ty":"tr","p":{"a":0,"k":[6.757,9.402],"ix":2},"a":{"a":0,"k":[0,0],"ix":1},"s":{"a":0,"k":[100,100],"ix":3},"r":{"a":0,"k":0,"ix":6},"o":{"a":0,"k":100,"ix":7},"sk":{"a":0,"k":0,"ix":4},"sa":{"a":0,"k":0,"ix":5},"nm":"Transform"}],"nm":"Group 1","np":3,"cix":2,"bm":0,"ix":1,"mn":"ADBE Vector Group","hd":false}],"ip":7.00000028511585,"op":38.0000015477717,"st":21.0000008553475,"bm":0},{"ddd":0,"ind":9,"ty":4,"nm":"Layer 46 Outlines","parent":36,"sr":1,"ks":{"o":{"a":0,"k":100,"ix":11},"r":{"a":0,"k":0,"ix":10},"p":{"a":0,"k":[30.764,75.429,0],"ix":2},"a":{"a":0,"k":[9.651,4.332,0],"ix":1},"s":{"a":1,"k":[{"i":{"x":[0,0,0.667],"y":[1.003,1.003,1]},"o":{"x":[0.075,0.075,0.333],"y":[0.37,0.37,0]},"t":4,"s":[0,0,100]},{"t":8.00000032584668,"s":[100,100,100]}],"ix":6}},"ao":0,"shapes":[{"ty":"gr","it":[{"ind":0,"ty":"sh","ix":1,"ks":{"a":0,"k":{"i":[[0.867,0],[0.176,0.049],[0,0],[-0.292,1.053],[-1.051,-0.29],[0,0],[0.291,-1.053]],"o":[[-0.175,0],[0,0],[-1.053,-0.292],[0.291,-1.053],[0,0],[1.053,0.292],[-0.243,0.876]],"v":[[7.204,4.082],[6.674,4.01],[-7.73,0.021],[-9.109,-2.413],[-6.674,-3.793],[7.73,0.197],[9.109,2.632]],"c":true},"ix":2},"nm":"Path 1","mn":"ADBE Vector Shape - Group","hd":false},{"ty":"mm","mm":4,"nm":"Merge Paths 1","mn":"ADBE Vector Filter - Merge","hd":false},{"ty":"fl","c":{"a":0,"k":[1,1,1,1],"ix":4},"o":{"a":0,"k":100,"ix":5},"r":1,"bm":0,"nm":"Fill 1","mn":"ADBE Vector Graphic - Fill","hd":false},{"ty":"tr","p":{"a":0,"k":[9.65,4.332],"ix":2},"a":{"a":0,"k":[0,0],"ix":1},"s":{"a":0,"k":[100,100],"ix":3},"r":{"a":0,"k":0,"ix":6},"o":{"a":0,"k":100,"ix":7},"sk":{"a":0,"k":0,"ix":4},"sa":{"a":0,"k":0,"ix":5},"nm":"Transform"}],"nm":"Group 1","np":3,"cix":2,"bm":0,"ix":1,"mn":"ADBE Vector Group","hd":false}],"ip":2.00000008146167,"op":38.0000015477717,"st":14.0000005702317,"bm":0},{"ddd":0,"ind":10,"ty":4,"nm":"Layer 48 Outlines","sr":1,"ks":{"o":{"a":0,"k":100,"ix":11},"r":{"a":0,"k":0,"ix":10},"p":{"a":0,"k":[235.028,180.275,0],"ix":2},"a":{"a":0,"k":[8.448,5.628,0],"ix":1},"s":{"a":1,"k":[{"i":{"x":[0,0,0.667],"y":[0.985,0.985,1]},"o":{"x":[0.075,0.075,0.333],"y":[0.402,0.402,0]},"t":1,"s":[0,0,100]},{"t":5.00000020365417,"s":[100,100,100]}],"ix":6}},"ao":0,"shapes":[{"ty":"gr","it":[{"ind":0,"ty":"sh","ix":1,"ks":{"a":0,"k":{"i":[[0.248,0],[0.272,0.482],[-0.714,0.404],[0,0],[-0.404,-0.713],[0.713,-0.404],[0,0]],"o":[[-0.517,0],[-0.404,-0.713],[0,0],[0.713,-0.404],[0.404,0.713],[0,0],[-0.23,0.131]],"v":[[-6.502,5.272],[-7.794,4.519],[-7.234,2.497],[5.772,-4.868],[7.794,-4.308],[7.234,-2.286],[-5.773,5.079]],"c":true},"ix":2},"nm":"Path 1","mn":"ADBE Vector Shape - Group","hd":false},{"ty":"mm","mm":4,"nm":"Merge Paths 1","mn":"ADBE Vector Filter - Merge","hd":false},{"ty":"fl","c":{"a":0,"k":[1,1,1,1],"ix":4},"o":{"a":0,"k":100,"ix":5},"r":1,"bm":0,"nm":"Fill 1","mn":"ADBE Vector Graphic - Fill","hd":false},{"ty":"tr","p":{"a":0,"k":[8.448,5.522],"ix":2},"a":{"a":0,"k":[0,0],"ix":1},"s":{"a":0,"k":[100,100],"ix":3},"r":{"a":0,"k":0,"ix":6},"o":{"a":0,"k":100,"ix":7},"sk":{"a":0,"k":0,"ix":4},"sa":{"a":0,"k":0,"ix":5},"nm":"Transform"}],"nm":"Group 1","np":3,"cix":2,"bm":0,"ix":1,"mn":"ADBE Vector Group","hd":false}],"ip":0,"op":38.0000015477717,"st":9.00000036657752,"bm":0},{"ddd":0,"ind":11,"ty":4,"nm":"Layer 4 Outlines","sr":1,"ks":{"o":{"a":0,"k":100,"ix":11},"r":{"a":0,"k":0,"ix":10},"p":{"a":0,"k":[206.928,196.188,0],"ix":2},"a":{"a":0,"k":[66.51,66.509,0],"ix":1},"s":{"a":0,"k":[100,100,100],"ix":6}},"ao":0,"shapes":[{"ty":"gr","it":[{"ind":0,"ty":"sh","ix":1,"ks":{"a":0,"k":{"i":[[6.292,1.742],[0,0],[-1.742,6.292],[0,0],[-6.292,-1.742],[0,0],[1.743,-6.291],[0,0]],"o":[[0,0],[-6.291,-1.742],[0,0],[1.742,-6.292],[0,0],[6.291,1.742],[0,0],[-1.742,6.291]],"v":[[26.888,64.518],[-56.246,41.496],[-64.517,26.889],[-41.495,-56.245],[-26.888,-64.518],[56.245,-41.495],[64.517,-26.889],[41.495,56.247]],"c":true},"ix":2},"nm":"Path 1","mn":"ADBE Vector Shape - Group","hd":false},{"ty":"mm","mm":4,"nm":"Merge Paths 1","mn":"ADBE Vector Filter - Merge","hd":false},{"ty":"fl","c":{"a":0,"k":[0.085690120622,0.780392156863,0.37991698022,1],"ix":4},"o":{"a":0,"k":100,"ix":5},"r":1,"bm":0,"nm":"Fill 1","mn":"ADBE Vector Graphic - Fill","hd":false},{"ty":"tr","p":{"a":0,"k":[66.509,66.509],"ix":2},"a":{"a":0,"k":[0,0],"ix":1},"s":{"a":0,"k":[100,100],"ix":3},"r":{"a":0,"k":0,"ix":6},"o":{"a":0,"k":100,"ix":7},"sk":{"a":0,"k":0,"ix":4},"sa":{"a":0,"k":0,"ix":5},"nm":"Transform"}],"nm":"Group 1","np":3,"cix":2,"bm":0,"ix":1,"mn":"ADBE Vector Group","hd":false},{"ty":"gr","it":[{"ind":0,"ty":"sh","ix":1,"ks":{"a":0,"k":{"i":[[0,0],[0,0],[0,0],[0,0]],"o":[[0,0],[0,0],[0,0],[0,0]],"v":[[-0.386,3.25],[-1.34,2.985],[0.387,-3.25],[1.34,-2.985]],"c":true},"ix":2},"nm":"Path 1","mn":"ADBE Vector Shape - Group","hd":false},{"ty":"fl","c":{"a":0,"k":[0.085690120622,0.780392156863,0.37991698022,1],"ix":4},"o":{"a":0,"k":100,"ix":5},"r":1,"bm":0,"nm":"Fill 1","mn":"ADBE Vector Graphic - Fill","hd":false},{"ty":"tr","p":{"a":0,"k":[9.624,54.708],"ix":2},"a":{"a":0,"k":[0,0],"ix":1},"s":{"a":0,"k":[100,100],"ix":3},"r":{"a":0,"k":0,"ix":6},"o":{"a":0,"k":100,"ix":7},"sk":{"a":0,"k":0,"ix":4},"sa":{"a":0,"k":0,"ix":5},"nm":"Transform"}],"nm":"Group 2","np":2,"cix":2,"bm":0,"ix":2,"mn":"ADBE Vector Group","hd":false},{"ty":"gr","it":[{"ind":0,"ty":"sh","ix":1,"ks":{"a":0,"k":{"i":[[0,0],[0,0],[0,0],[0,0]],"o":[[0,0],[0,0],[0,0],[0,0]],"v":[[-1.52,7.341],[-2.474,7.077],[1.52,-7.341],[2.474,-7.077]],"c":true},"ix":2},"nm":"Path 1","mn":"ADBE Vector Shape - Group","hd":false},{"ty":"fl","c":{"a":0,"k":[0.085690120622,0.780392156863,0.37991698022,1],"ix":4},"o":{"a":0,"k":100,"ix":5},"r":1,"bm":0,"nm":"Fill 1","mn":"ADBE Vector Graphic - Fill","hd":false},{"ty":"tr","p":{"a":0,"k":[13.957,39.062],"ix":2},"a":{"a":0,"k":[0,0],"ix":1},"s":{"a":0,"k":[100,100],"ix":3},"r":{"a":0,"k":0,"ix":6},"o":{"a":0,"k":100,"ix":7},"sk":{"a":0,"k":0,"ix":4},"sa":{"a":0,"k":0,"ix":5},"nm":"Transform"}],"nm":"Group 3","np":2,"cix":2,"bm":0,"ix":3,"mn":"ADBE Vector Group","hd":false}],"ip":0,"op":38.0000015477717,"st":0,"bm":0},{"ddd":0,"ind":12,"ty":4,"nm":"Layer 5 Outlines","sr":1,"ks":{"o":{"a":0,"k":100,"ix":11},"r":{"a":0,"k":0,"ix":10},"p":{"a":0,"k":[268.774,171.737,0],"ix":2},"a":{"a":0,"k":[18.581,39.992,0],"ix":1},"s":{"a":0,"k":[100,100,100],"ix":6}},"ao":0,"shapes":[{"ty":"gr","it":[{"ind":0,"ty":"sh","ix":1,"ks":{"a":0,"k":{"i":[[-9.607,-1.937],[0,0],[0,0],[4.339,9.514]],"o":[[7.931,1.6],[0,0],[0,0],[-4.726,-10.363]],"v":[[-0.945,-17.074],[13.943,3.924],[-2.609,17.407],[-12.371,-1.967]],"c":true},"ix":2},"nm":"Path 1","mn":"ADBE Vector Shape - Group","hd":false},{"ty":"mm","mm":4,"nm":"Merge Paths 1","mn":"ADBE Vector Filter - Merge","hd":false},{"ty":"fl","c":{"a":0,"k":[0.250980392157,0.482352941176,1,1],"ix":4},"o":{"a":0,"k":100,"ix":5},"r":1,"bm":0,"nm":"Fill 1","mn":"ADBE Vector Graphic - Fill","hd":false},{"ty":"tr","p":{"a":0,"k":[17.347,19.261],"ix":2},"a":{"a":0,"k":[0,0],"ix":1},"s":{"a":0,"k":[100,100],"ix":3},"r":{"a":0,"k":0,"ix":6},"o":{"a":0,"k":100,"ix":7},"sk":{"a":0,"k":0,"ix":4},"sa":{"a":0,"k":0,"ix":5},"nm":"Transform"}],"nm":"Group 1","np":3,"cix":2,"bm":0,"ix":1,"mn":"ADBE Vector Group","hd":false},{"ty":"gr","it":[{"ind":0,"ty":"sh","ix":1,"ks":{"a":0,"k":{"i":[[-9.607,-1.937],[0,0],[0,0],[4.339,9.514]],"o":[[7.931,1.6],[0,0],[0,0],[-4.726,-10.363]],"v":[[0.632,-16.272],[15.52,4.726],[-1.032,18.209],[-10.794,-1.165]],"c":true},"ix":2},"nm":"Path 1","mn":"ADBE Vector Shape - Group","hd":false},{"ty":"mm","mm":4,"nm":"Merge Paths 1","mn":"ADBE Vector Filter - Merge","hd":false},{"ty":"fl","c":{"a":0,"k":[1,1,1,1],"ix":4},"o":{"a":0,"k":100,"ix":5},"r":1,"bm":0,"nm":"Fill 1","mn":"ADBE Vector Graphic - Fill","hd":false},{"ty":"tr","p":{"a":0,"k":[15.77,18.459],"ix":2},"a":{"a":0,"k":[0,0],"ix":1},"s":{"a":0,"k":[100,100],"ix":3},"r":{"a":0,"k":0,"ix":6},"o":{"a":0,"k":100,"ix":7},"sk":{"a":0,"k":0,"ix":4},"sa":{"a":0,"k":0,"ix":5},"nm":"Transform"}],"nm":"Group 2","np":3,"cix":2,"bm":0,"ix":2,"mn":"ADBE Vector Group","hd":false},{"ty":"gr","it":[{"ind":0,"ty":"sh","ix":1,"ks":{"a":0,"k":{"i":[[0,0],[-1.7,-2.766],[-1.52,-2.865],[-1.917,-6.643],[-0.193,-0.87],[-0.084,-0.447],[0,0],[0,0],[0,0],[0.491,-1.89],[1.622,-2.931],[1.897,-2.621],[2.203,-2.45],[0,0],[-2.119,5.46],[-0.407,1.327],[-0.176,1.171],[0.133,0.285],[0.005,0.014],[0,0],[0,0],[0.106,0.325],[0.228,0.654],[2.927,5.223],[1.554,2.594],[1.567,2.416]],"o":[[1.95,2.748],[1.688,2.745],[2.982,5.772],[0.23,0.84],[0.105,0.426],[0,0],[0,0],[0,0],[0.331,2.816],[-1.04,3.729],[-1.63,2.909],[-1.902,2.633],[0,0],[2.707,-5.433],[0.535,-1.361],[0.416,-1.321],[0.183,-1.148],[-0.008,-0.014],[0,0],[0,0],[-0.082,-0.317],[-0.19,-0.645],[-1.892,-5.268],[-1.456,-2.627],[-1.552,-2.568],[0,0]],"v":[[-4.349,-36.339],[0.956,-28.161],[5.724,-19.724],[13.363,-1.357],[14.012,1.194],[14.293,2.506],[14.422,3.17],[14.487,3.513],[14.569,4.048],[13.961,10.823],[9.788,20.51],[4.478,28.767],[-1.591,36.339],[-6.792,32.69],[0.794,16.23],[2.207,12.178],[3.129,8.383],[3.159,5.864],[3.142,5.823],[3.079,5.594],[2.949,5.116],[2.671,4.154],[2.026,2.201],[-5.518,-13.64],[-10.091,-21.446],[-14.901,-29.044]],"c":true},"ix":2},"nm":"Path 1","mn":"ADBE Vector Shape - Group","hd":false},{"ty":"mm","mm":4,"nm":"Merge Paths 1","mn":"ADBE Vector Filter - Merge","hd":false},{"ty":"fl","c":{"a":0,"k":[1,0.709999952129,0.451000019148,1],"ix":4},"o":{"a":0,"k":100,"ix":5},"r":1,"bm":0,"nm":"Fill 1","mn":"ADBE Vector Graphic - Fill","hd":false},{"ty":"tr","p":{"a":0,"k":[22.011,43.396],"ix":2},"a":{"a":0,"k":[0,0],"ix":1},"s":{"a":0,"k":[100,100],"ix":3},"r":{"a":0,"k":0,"ix":6},"o":{"a":0,"k":100,"ix":7},"sk":{"a":0,"k":0,"ix":4},"sa":{"a":0,"k":0,"ix":5},"nm":"Transform"}],"nm":"Group 3","np":3,"cix":2,"bm":0,"ix":3,"mn":"ADBE Vector Group","hd":false}],"ip":0,"op":38.0000015477717,"st":0,"bm":0},{"ddd":0,"ind":13,"ty":4,"nm":"Layer 6 Outlines","sr":1,"ks":{"o":{"a":0,"k":100,"ix":11},"r":{"a":0,"k":0,"ix":10},"p":{"a":0,"k":[183.956,393.36,0],"ix":2},"a":{"a":0,"k":[1.597,2.921,0],"ix":1},"s":{"a":0,"k":[100,100,100],"ix":6}},"ao":0,"shapes":[{"ty":"gr","it":[{"ind":0,"ty":"sh","ix":1,"ks":{"a":0,"k":{"i":[[0.458,0.48],[0.014,0.012],[0.101,-0.032],[0.082,-0.231],[-0.991,-1.614]],"o":[[-0.014,-0.014],[-0.072,-0.058],[-0.259,0.083],[-0.231,0.655],[0.088,-1.5]],"v":[[0.237,-2.141],[0.195,-2.18],[-0.051,-2.215],[-0.557,-1.749],[0.651,1.84]],"c":true},"ix":2},"nm":"Path 1","mn":"ADBE Vector Shape - Group","hd":false},{"ind":1,"ty":"sh","ix":2,"ks":{"a":0,"k":{"i":[[0.049,0.051],[0.007,0.01],[-0.412,1.168],[-0.381,0.122],[-0.177,-0.142],[0.039,-0.431],[0.083,-0.021]],"o":[[-0.008,-0.009],[-0.764,-1.162],[0.124,-0.352],[0.228,-0.073],[0.901,0.737],[-0.008,0.085],[-0.071,0.018]],"v":[[0.661,2.597],[0.638,2.569],[-0.935,-1.883],[-0.173,-2.598],[0.446,-2.492],[1.005,2.477],[0.854,2.653]],"c":true},"ix":2},"nm":"Path 2","mn":"ADBE Vector Shape - Group","hd":false},{"ty":"mm","mm":1,"nm":"Merge Paths 1","mn":"ADBE Vector Filter - Merge","hd":false},{"ty":"mm","mm":4,"nm":"Merge Paths 2","mn":"ADBE Vector Filter - Merge","hd":false},{"ty":"fl","c":{"a":0,"k":[0.250999989229,0.481999984442,1,1],"ix":4},"o":{"a":0,"k":100,"ix":5},"r":1,"bm":0,"nm":"Fill 1","mn":"ADBE Vector Graphic - Fill","hd":false},{"ty":"tr","p":{"a":0,"k":[1.597,2.921],"ix":2},"a":{"a":0,"k":[0,0],"ix":1},"s":{"a":0,"k":[100,100],"ix":3},"r":{"a":0,"k":0,"ix":6},"o":{"a":0,"k":100,"ix":7},"sk":{"a":0,"k":0,"ix":4},"sa":{"a":0,"k":0,"ix":5},"nm":"Transform"}],"nm":"Group 1","np":5,"cix":2,"bm":0,"ix":1,"mn":"ADBE Vector Group","hd":false}],"ip":0,"op":38.0000015477717,"st":0,"bm":0},{"ddd":0,"ind":14,"ty":4,"nm":"Layer 7 Outlines","sr":1,"ks":{"o":{"a":0,"k":100,"ix":11},"r":{"a":0,"k":0,"ix":10},"p":{"a":0,"k":[182.49,392.043,0],"ix":2},"a":{"a":0,"k":[2.729,1.847,0],"ix":1},"s":{"a":0,"k":[100,100,100],"ix":6}},"ao":0,"shapes":[{"ty":"gr","it":[{"ind":0,"ty":"sh","ix":1,"ks":{"a":0,"k":{"i":[[0.66,-0.072],[0.017,-0.004],[0.036,-0.099],[-0.133,-0.205],[-1.884,-0.198]],"o":[[-0.02,0.002],[-0.09,0.022],[-0.092,0.256],[0.38,0.583],[-1.136,-0.985]],"v":[[-1.732,-0.952],[-1.788,-0.943],[-1.967,-0.77],[-1.906,-0.085],[1.678,1.145]],"c":true},"ix":2},"nm":"Path 1","mn":"ADBE Vector Shape - Group","hd":false},{"ind":1,"ty":"sh","ix":2,"ks":{"a":0,"k":{"i":[[0.07,-0.007],[0.013,0.001],[0.675,1.038],[-0.136,0.377],[-0.221,0.054],[-0.318,-0.293],[0.033,-0.078]],"o":[[-0.013,0.001],[-1.386,-0.1],[-0.204,-0.313],[0.08,-0.225],[1.133,-0.266],[0.062,0.058],[-0.029,0.067]],"v":[[2.285,1.596],[2.247,1.596],[-2.241,0.135],[-2.344,-0.906],[-1.883,-1.331],[2.398,1.249],[2.447,1.477]],"c":true},"ix":2},"nm":"Path 2","mn":"ADBE Vector Shape - Group","hd":false},{"ty":"mm","mm":1,"nm":"Merge Paths 1","mn":"ADBE Vector Filter - Merge","hd":false},{"ty":"fl","c":{"a":0,"k":[0.250999989229,0.481999984442,1,1],"ix":4},"o":{"a":0,"k":100,"ix":5},"r":1,"bm":0,"nm":"Fill 1","mn":"ADBE Vector Graphic - Fill","hd":false},{"ty":"tr","p":{"a":0,"k":[2.729,1.847],"ix":2},"a":{"a":0,"k":[0,0],"ix":1},"s":{"a":0,"k":[100,100],"ix":3},"r":{"a":0,"k":0,"ix":6},"o":{"a":0,"k":100,"ix":7},"sk":{"a":0,"k":0,"ix":4},"sa":{"a":0,"k":0,"ix":5},"nm":"Transform"}],"nm":"Group 1","np":6,"cix":2,"bm":0,"ix":1,"mn":"ADBE Vector Group","hd":false}],"ip":0,"op":38.0000015477717,"st":0,"bm":0},{"ddd":0,"ind":15,"ty":4,"nm":"Layer 8 Outlines","sr":1,"ks":{"o":{"a":0,"k":100,"ix":11},"r":{"a":0,"k":0,"ix":10},"p":{"a":0,"k":[252.687,397.394,0],"ix":2},"a":{"a":0,"k":[1.685,2.179,0],"ix":1},"s":{"a":0,"k":[100,100,100],"ix":6}},"ao":0,"shapes":[{"ty":"gr","it":[{"ind":0,"ty":"sh","ix":1,"ks":{"a":0,"k":{"i":[[0.165,0],[0.031,-0.004],[0.009,-0.051],[-0.87,-0.661],[0.631,0.515]],"o":[[-0.03,0],[-0.26,0.032],[-0.106,0.557],[-0.098,-0.714],[-0.144,-0.118]],"v":[[-0.478,-1.501],[-0.569,-1.495],[-0.861,-1.293],[0.981,1.327],[-0.018,-1.325]],"c":true},"ix":2},"nm":"Path 1","mn":"ADBE Vector Shape - Group","hd":false},{"ind":1,"ty":"sh","ix":2,"ks":{"a":0,"k":{"i":[[0.038,0],[0.03,0.015],[-0.18,0.943],[-0.479,0.06],[-0.256,-0.21],[-0.008,-0.103],[0.062,-0.04]],"o":[[-0.033,0],[-0.875,-0.476],[0.032,-0.171],[0.309,-0.036],[0.983,0.803],[0.005,0.074],[-0.033,0.021]],"v":[[1.23,1.93],[1.134,1.907],[-1.255,-1.368],[-0.618,-1.894],[0.236,-1.635],[1.43,1.714],[1.339,1.898]],"c":true},"ix":2},"nm":"Path 2","mn":"ADBE Vector Shape - Group","hd":false},{"ty":"mm","mm":1,"nm":"Merge Paths 1","mn":"ADBE Vector Filter - Merge","hd":false},{"ty":"fl","c":{"a":0,"k":[0.250999989229,0.481999984442,1,1],"ix":4},"o":{"a":0,"k":100,"ix":5},"r":1,"bm":0,"nm":"Fill 1","mn":"ADBE Vector Graphic - Fill","hd":false},{"ty":"tr","p":{"a":0,"k":[1.685,2.18],"ix":2},"a":{"a":0,"k":[0,0],"ix":1},"s":{"a":0,"k":[100,100],"ix":3},"r":{"a":0,"k":0,"ix":6},"o":{"a":0,"k":100,"ix":7},"sk":{"a":0,"k":0,"ix":4},"sa":{"a":0,"k":0,"ix":5},"nm":"Transform"}],"nm":"Group 1","np":6,"cix":2,"bm":0,"ix":1,"mn":"ADBE Vector Group","hd":false}],"ip":0,"op":38.0000015477717,"st":0,"bm":0},{"ddd":0,"ind":16,"ty":4,"nm":"Layer 9 Outlines","sr":1,"ks":{"o":{"a":0,"k":100,"ix":11},"r":{"a":0,"k":0,"ix":10},"p":{"a":0,"k":[251.903,398.352,0],"ix":2},"a":{"a":0,"k":[2.475,1.52,0],"ix":1},"s":{"a":0,"k":[100,100,100],"ix":6}},"ao":0,"shapes":[{"ty":"gr","it":[{"ind":0,"ty":"sh","ix":1,"ks":{"a":0,"k":{"i":[[0.648,0],[0.067,-0.034],[0.01,-0.156],[-0.203,-0.17],[-1.437,0.289]],"o":[[-0.105,0],[-0.054,0.028],[-0.02,0.318],[0.464,0.389],[-0.955,-0.553]],"v":[[-1.41,-0.481],[-1.67,-0.431],[-1.797,-0.195],[-1.525,0.532],[1.48,0.685]],"c":true},"ix":2},"nm":"Path 1","mn":"ADBE Vector Shape - Group","hd":false},{"ind":1,"ty":"sh","ix":2,"ks":{"a":0,"k":{"i":[[0.783,0],[0.384,0.322],[-0.027,0.448],[-0.145,0.075],[-0.308,-0.192],[0.013,-0.08],[0.078,-0.019]],"o":[[-0.644,0],[-0.303,-0.255],[0.021,-0.334],[0.94,-0.483],[0.069,0.043],[-0.013,0.079],[-0.588,0.141]],"v":[[-0.153,1.27],[-1.783,0.839],[-2.198,-0.22],[-1.854,-0.787],[2.12,0.602],[2.212,0.805],[2.061,0.967]],"c":true},"ix":2},"nm":"Path 2","mn":"ADBE Vector Shape - Group","hd":false},{"ty":"mm","mm":1,"nm":"Merge Paths 1","mn":"ADBE Vector Filter - Merge","hd":false},{"ty":"fl","c":{"a":0,"k":[0.250999989229,0.481999984442,1,1],"ix":4},"o":{"a":0,"k":100,"ix":5},"r":1,"bm":0,"nm":"Fill 1","mn":"ADBE Vector Graphic - Fill","hd":false},{"ty":"tr","p":{"a":0,"k":[2.475,1.52],"ix":2},"a":{"a":0,"k":[0,0],"ix":1},"s":{"a":0,"k":[100,100],"ix":3},"r":{"a":0,"k":0,"ix":6},"o":{"a":0,"k":100,"ix":7},"sk":{"a":0,"k":0,"ix":4},"sa":{"a":0,"k":0,"ix":5},"nm":"Transform"}],"nm":"Group 1","np":6,"cix":2,"bm":0,"ix":1,"mn":"ADBE Vector Group","hd":false}],"ip":0,"op":38.0000015477717,"st":0,"bm":0},{"ddd":0,"ind":17,"ty":4,"nm":"Layer 10 Outlines","sr":1,"ks":{"o":{"a":0,"k":100,"ix":11},"r":{"a":0,"k":0,"ix":10},"p":{"a":1,"k":[{"i":{"x":0.667,"y":1},"o":{"x":0.333,"y":0},"t":0,"s":[235.187,95.047,0],"to":[0,0.667,0],"ti":[-0.021,0.063,0]},{"i":{"x":0,"y":1},"o":{"x":0.333,"y":0},"t":5,"s":[235.187,99.047,0],"to":[0.021,-0.063,0],"ti":[-0.021,0.729,0]},{"t":11.0000004480392,"s":[235.312,94.672,0]}],"ix":2},"a":{"a":0,"k":[2.181,1.431,0],"ix":1},"s":{"a":0,"k":[100,100,100],"ix":6}},"ao":0,"shapes":[{"ty":"gr","it":[{"ind":0,"ty":"sh","ix":1,"ks":{"a":0,"k":{"i":[[0.124,0.008],[0.066,0.056],[-0.142,0.169],[-0.079,-0.013],[0.026,-0.22],[0.208,0.026],[1.141,-1.357]],"o":[[-0.082,-0.006],[-0.17,-0.143],[1.426,-1.697],[0.22,0.027],[-0.028,0.219],[-0.063,-0.002],[-0.085,0.102]],"v":[[-1.51,1.173],[-1.739,1.08],[-1.789,0.515],[1.555,-0.971],[1.905,-0.524],[1.46,-0.175],[-1.175,1.031]],"c":true},"ix":2},"nm":"Path 1","mn":"ADBE Vector Shape - Group","hd":false},{"ty":"fl","c":{"a":0,"k":[0.149000010771,0.195999998205,0.219999994016,1],"ix":4},"o":{"a":0,"k":100,"ix":5},"r":1,"bm":0,"nm":"Fill 1","mn":"ADBE Vector Graphic - Fill","hd":false},{"ty":"tr","p":{"a":0,"k":[2.181,1.432],"ix":2},"a":{"a":0,"k":[0,0],"ix":1},"s":{"a":0,"k":[100,100],"ix":3},"r":{"a":0,"k":0,"ix":6},"o":{"a":0,"k":100,"ix":7},"sk":{"a":0,"k":0,"ix":4},"sa":{"a":0,"k":0,"ix":5},"nm":"Transform"}],"nm":"Group 1","np":4,"cix":2,"bm":0,"ix":1,"mn":"ADBE Vector Group","hd":false}],"ip":0,"op":38.0000015477717,"st":0,"bm":0},{"ddd":0,"ind":18,"ty":4,"nm":"Layer 11 Outlines","sr":1,"ks":{"o":{"a":0,"k":100,"ix":11},"r":{"a":0,"k":0,"ix":10},"p":{"a":1,"k":[{"i":{"x":0.667,"y":1},"o":{"x":0.333,"y":0},"t":1,"s":[245.581,98.029,0],"to":[-0.438,0.521,0],"ti":[0,0.042,0]},{"i":{"x":0,"y":1},"o":{"x":0.333,"y":0},"t":6,"s":[242.956,101.154,0],"to":[0,-0.042,0],"ti":[-0.438,0.563,0]},{"t":11.0000004480392,"s":[245.581,97.779,0]}],"ix":2},"a":{"a":0,"k":[1.926,1.752,0],"ix":1},"s":{"a":0,"k":[100,100,100],"ix":6}},"ao":0,"shapes":[{"ty":"gr","it":[{"ind":0,"ty":"sh","ix":1,"ks":{"a":0,"k":{"i":[[0.061,0.004],[0.061,0.144],[0.014,0.002],[-0.039,0.217],[-0.227,-0.042],[-0.865,-2.042],[0.203,-0.086]],"o":[[-0.146,-0.01],[-0.697,-1.646],[-0.218,-0.039],[0.039,-0.218],[0.076,0.014],[0.087,0.203],[-0.06,0.026]],"v":[[1.193,1.498],[0.851,1.254],[-1.312,-0.67],[-1.637,-1.135],[-1.171,-1.46],[1.589,0.942],[1.377,1.467]],"c":true},"ix":2},"nm":"Path 1","mn":"ADBE Vector Shape - Group","hd":false},{"ty":"fl","c":{"a":0,"k":[0.149000010771,0.195999998205,0.219999994016,1],"ix":4},"o":{"a":0,"k":100,"ix":5},"r":1,"bm":0,"nm":"Fill 1","mn":"ADBE Vector Graphic - Fill","hd":false},{"ty":"tr","p":{"a":0,"k":[1.926,1.752],"ix":2},"a":{"a":0,"k":[0,0],"ix":1},"s":{"a":0,"k":[100,100],"ix":3},"r":{"a":0,"k":0,"ix":6},"o":{"a":0,"k":100,"ix":7},"sk":{"a":0,"k":0,"ix":4},"sa":{"a":0,"k":0,"ix":5},"nm":"Transform"}],"nm":"Group 1","np":4,"cix":2,"bm":0,"ix":1,"mn":"ADBE Vector Group","hd":false}],"ip":0,"op":38.0000015477717,"st":0,"bm":0},{"ddd":0,"ind":19,"ty":4,"nm":"Layer 14 Outlines","sr":1,"ks":{"o":{"a":0,"k":100,"ix":11},"r":{"a":0,"k":0,"ix":10},"p":{"a":0,"k":[243.059,100.914,0],"ix":2},"a":{"a":0,"k":[1.2,1.557,0],"ix":1},"s":{"a":1,"k":[{"i":{"x":[0.667,0.667,0.667],"y":[1,1,1]},"o":{"x":[0.333,0.333,0.333],"y":[0,0,0]},"t":0,"s":[100,100,100]},{"i":{"x":[0.667,0.667,0.667],"y":[1,1,1]},"o":{"x":[0.333,0.333,0.333],"y":[0,0,0]},"t":4,"s":[0,0,100]},{"t":12.00000048877,"s":[100,100,100]}],"ix":6}},"ao":0,"shapes":[{"ty":"gr","it":[{"ind":0,"ty":"sh","ix":1,"ks":{"a":0,"k":{"i":[[0.167,-0.662],[0.433,0.109],[-0.166,0.662],[-0.433,-0.108]],"o":[[-0.167,0.662],[-0.433,-0.108],[0.167,-0.662],[0.433,0.109]],"v":[[0.783,0.197],[-0.302,1.198],[-0.784,-0.197],[0.301,-1.199]],"c":true},"ix":2},"nm":"Path 1","mn":"ADBE Vector Shape - Group","hd":false},{"ty":"mm","mm":4,"nm":"Merge Paths 1","mn":"ADBE Vector Filter - Merge","hd":false},{"ty":"fl","c":{"a":0,"k":[0.149000010771,0.195999998205,0.219999994016,1],"ix":4},"o":{"a":0,"k":100,"ix":5},"r":1,"bm":0,"nm":"Fill 1","mn":"ADBE Vector Graphic - Fill","hd":false},{"ty":"tr","p":{"a":0,"k":[1.2,1.557],"ix":2},"a":{"a":0,"k":[0,0],"ix":1},"s":{"a":0,"k":[100,100],"ix":3},"r":{"a":0,"k":0,"ix":6},"o":{"a":0,"k":100,"ix":7},"sk":{"a":0,"k":0,"ix":4},"sa":{"a":0,"k":0,"ix":5},"nm":"Transform"}],"nm":"Group 1","np":3,"cix":2,"bm":0,"ix":1,"mn":"ADBE Vector Group","hd":false}],"ip":0,"op":38.0000015477717,"st":0,"bm":0},{"ddd":0,"ind":20,"ty":4,"nm":"Layer 13 Outlines","sr":1,"ks":{"o":{"a":0,"k":100,"ix":11},"r":{"a":0,"k":0,"ix":10},"p":{"a":0,"k":[235.577,99.031,0],"ix":2},"a":{"a":0,"k":[1.2,1.557,0],"ix":1},"s":{"a":1,"k":[{"i":{"x":[0.667,0.667,0.667],"y":[1,1,1]},"o":{"x":[0.333,0.333,0.333],"y":[0,0,0]},"t":0,"s":[100,100,100]},{"i":{"x":[0.667,0.667,0.667],"y":[1,1,1]},"o":{"x":[0.333,0.333,0.333],"y":[0,0,0]},"t":5,"s":[0,0,100]},{"t":12.00000048877,"s":[100,100,100]}],"ix":6}},"ao":0,"shapes":[{"ty":"gr","it":[{"ind":0,"ty":"sh","ix":1,"ks":{"a":0,"k":{"i":[[0.167,-0.662],[0.433,0.109],[-0.166,0.663],[-0.434,-0.108]],"o":[[-0.167,0.662],[-0.433,-0.108],[0.167,-0.661],[0.432,0.109]],"v":[[0.783,0.197],[-0.302,1.198],[-0.784,-0.198],[0.302,-1.199]],"c":true},"ix":2},"nm":"Path 1","mn":"ADBE Vector Shape - Group","hd":false},{"ty":"mm","mm":4,"nm":"Merge Paths 1","mn":"ADBE Vector Filter - Merge","hd":false},{"ty":"fl","c":{"a":0,"k":[0.149000010771,0.195999998205,0.219999994016,1],"ix":4},"o":{"a":0,"k":100,"ix":5},"r":1,"bm":0,"nm":"Fill 1","mn":"ADBE Vector Graphic - Fill","hd":false},{"ty":"tr","p":{"a":0,"k":[1.2,1.557],"ix":2},"a":{"a":0,"k":[0,0],"ix":1},"s":{"a":0,"k":[100,100],"ix":3},"r":{"a":0,"k":0,"ix":6},"o":{"a":0,"k":100,"ix":7},"sk":{"a":0,"k":0,"ix":4},"sa":{"a":0,"k":0,"ix":5},"nm":"Transform"}],"nm":"Group 1","np":3,"cix":2,"bm":0,"ix":1,"mn":"ADBE Vector Group","hd":false}],"ip":0,"op":38.0000015477717,"st":0,"bm":0},{"ddd":0,"ind":21,"ty":4,"nm":"Layer 12 Outlines","sr":1,"ks":{"o":{"a":0,"k":100,"ix":11},"r":{"a":0,"k":0,"ix":10},"p":{"a":0,"k":[236.363,103.282,0],"ix":2},"a":{"a":0,"k":[2.543,3.376,0],"ix":1},"s":{"a":0,"k":[100,100,100],"ix":6}},"ao":0,"shapes":[{"ty":"gr","it":[{"ind":0,"ty":"sh","ix":1,"ks":{"a":0,"k":{"i":[[0,0],[2.12,-1.425],[0,0]],"o":[[0,0],[0.896,1.388],[0,0]],"v":[[2.293,-3.127],[-2.293,1.739],[0.851,2.984]],"c":true},"ix":2},"nm":"Path 1","mn":"ADBE Vector Shape - Group","hd":false},{"ty":"fl","c":{"a":0,"k":[0.929000016755,0.536999990426,0.243000000598,1],"ix":4},"o":{"a":0,"k":100,"ix":5},"r":1,"bm":0,"nm":"Fill 1","mn":"ADBE Vector Graphic - Fill","hd":false},{"ty":"tr","p":{"a":0,"k":[2.543,3.376],"ix":2},"a":{"a":0,"k":[0,0],"ix":1},"s":{"a":0,"k":[100,100],"ix":3},"r":{"a":0,"k":0,"ix":6},"o":{"a":0,"k":100,"ix":7},"sk":{"a":0,"k":0,"ix":4},"sa":{"a":0,"k":0,"ix":5},"nm":"Transform"}],"nm":"Group 1","np":4,"cix":2,"bm":0,"ix":1,"mn":"ADBE Vector Group","hd":false}],"ip":0,"op":38.0000015477717,"st":0,"bm":0},{"ddd":0,"ind":22,"ty":4,"nm":"Layer 15 Outlines","sr":1,"ks":{"o":{"a":0,"k":100,"ix":11},"r":{"a":0,"k":0,"ix":10},"p":{"a":0,"k":[193.044,383.73,0],"ix":2},"a":{"a":0,"k":[9.17,5.4,0],"ix":1},"s":{"a":0,"k":[100,100,100],"ix":6}},"ao":0,"shapes":[{"ty":"gr","it":[{"ind":0,"ty":"sh","ix":1,"ks":{"a":0,"k":{"i":[[0,0],[0,0],[0,0],[0,0]],"o":[[0,0],[0,0],[0,0],[0,0]],"v":[[-8.92,0.853],[6.672,5.15],[8.92,-0.223],[-8.856,-5.15]],"c":true},"ix":2},"nm":"Path 1","mn":"ADBE Vector Shape - Group","hd":false},{"ty":"fl","c":{"a":0,"k":[0.250999989229,0.481999984442,1,1],"ix":4},"o":{"a":0,"k":100,"ix":5},"r":1,"bm":0,"nm":"Fill 1","mn":"ADBE Vector Graphic - Fill","hd":false},{"ty":"tr","p":{"a":0,"k":[9.17,5.4],"ix":2},"a":{"a":0,"k":[0,0],"ix":1},"s":{"a":0,"k":[100,100],"ix":3},"r":{"a":0,"k":0,"ix":6},"o":{"a":0,"k":100,"ix":7},"sk":{"a":0,"k":0,"ix":4},"sa":{"a":0,"k":0,"ix":5},"nm":"Transform"}],"nm":"Group 1","np":2,"cix":2,"bm":0,"ix":1,"mn":"ADBE Vector Group","hd":false}],"ip":0,"op":38.0000015477717,"st":0,"bm":0},{"ddd":0,"ind":23,"ty":4,"nm":"Layer 16 Outlines","sr":1,"ks":{"o":{"a":0,"k":100,"ix":11},"r":{"a":0,"k":0,"ix":10},"p":{"a":0,"k":[256.51,385.109,0],"ix":2},"a":{"a":0,"k":[10.451,3.153,0],"ix":1},"s":{"a":0,"k":[100,100,100],"ix":6}},"ao":0,"shapes":[{"ty":"gr","it":[{"ind":0,"ty":"sh","ix":1,"ks":{"a":0,"k":{"i":[[0,0],[0,0],[0,0],[0,0]],"o":[[0,0],[0,0],[0,0],[0,0]],"v":[[-8.049,2.904],[10.201,2.904],[10.201,-2.548],[-10.201,-2.904]],"c":true},"ix":2},"nm":"Path 1","mn":"ADBE Vector Shape - Group","hd":false},{"ty":"fl","c":{"a":0,"k":[0.250999989229,0.481999984442,1,1],"ix":4},"o":{"a":0,"k":100,"ix":5},"r":1,"bm":0,"nm":"Fill 1","mn":"ADBE Vector Graphic - Fill","hd":false},{"ty":"tr","p":{"a":0,"k":[10.451,3.153],"ix":2},"a":{"a":0,"k":[0,0],"ix":1},"s":{"a":0,"k":[100,100],"ix":3},"r":{"a":0,"k":0,"ix":6},"o":{"a":0,"k":100,"ix":7},"sk":{"a":0,"k":0,"ix":4},"sa":{"a":0,"k":0,"ix":5},"nm":"Transform"}],"nm":"Group 1","np":2,"cix":2,"bm":0,"ix":1,"mn":"ADBE Vector Group","hd":false}],"ip":0,"op":38.0000015477717,"st":0,"bm":0},{"ddd":0,"ind":24,"ty":4,"nm":"Layer 17 Outlines","sr":1,"ks":{"o":{"a":0,"k":100,"ix":11},"r":{"a":0,"k":0,"ix":10},"p":{"a":0,"k":[247.754,296.392,0],"ix":2},"a":{"a":0,"k":[18.311,91.535,0],"ix":1},"s":{"a":0,"k":[100,100,100],"ix":6}},"ao":0,"shapes":[{"ty":"gr","it":[{"ind":0,"ty":"sh","ix":1,"ks":{"a":0,"k":{"i":[[0,0],[-3.573,-24.535],[0,0],[0,0],[2.265,26.376],[0,0]],"o":[[0,0],[3.912,26.869],[0,0],[0,0],[-2.581,-30.045],[0,0]],"v":[[-18.061,-91.286],[-11.285,5.695],[2.562,91.285],[18.061,91.285],[10.668,3.118],[11.073,-89.253]],"c":true},"ix":2},"nm":"Path 1","mn":"ADBE Vector Shape - Group","hd":false},{"ty":"mm","mm":4,"nm":"Merge Paths 1","mn":"ADBE Vector Filter - Merge","hd":false},{"ty":"fl","c":{"a":0,"k":[0,0,0,1],"ix":4},"o":{"a":0,"k":100,"ix":5},"r":1,"bm":0,"nm":"Fill 1","mn":"ADBE Vector Graphic - Fill","hd":false},{"ty":"tr","p":{"a":0,"k":[18.311,91.536],"ix":2},"a":{"a":0,"k":[0,0],"ix":1},"s":{"a":0,"k":[100,100],"ix":3},"r":{"a":0,"k":0,"ix":6},"o":{"a":0,"k":100,"ix":7},"sk":{"a":0,"k":0,"ix":4},"sa":{"a":0,"k":0,"ix":5},"nm":"Transform"}],"nm":"Group 1","np":3,"cix":2,"bm":0,"ix":1,"mn":"ADBE Vector Group","hd":false},{"ty":"gr","it":[{"ind":0,"ty":"sh","ix":1,"ks":{"a":0,"k":{"i":[[0,0],[-3.573,-24.535],[0,0],[0,0],[2.265,26.376],[0,0]],"o":[[0,0],[3.912,26.869],[0,0],[0,0],[-2.581,-30.045],[0,0]],"v":[[-18.061,-91.286],[-11.285,5.696],[2.562,91.286],[18.061,91.286],[10.668,3.119],[11.073,-89.252]],"c":true},"ix":2},"nm":"Path 1","mn":"ADBE Vector Shape - Group","hd":false},{"ty":"mm","mm":4,"nm":"Merge Paths 1","mn":"ADBE Vector Filter - Merge","hd":false},{"ty":"fl","c":{"a":0,"k":[0.250999989229,0.481999984442,1,1],"ix":4},"o":{"a":0,"k":100,"ix":5},"r":1,"bm":0,"nm":"Fill 1","mn":"ADBE Vector Graphic - Fill","hd":false},{"ty":"tr","p":{"a":0,"k":[18.311,91.536],"ix":2},"a":{"a":0,"k":[0,0],"ix":1},"s":{"a":0,"k":[100,100],"ix":3},"r":{"a":0,"k":0,"ix":6},"o":{"a":0,"k":100,"ix":7},"sk":{"a":0,"k":0,"ix":4},"sa":{"a":0,"k":0,"ix":5},"nm":"Transform"}],"nm":"Group 2","np":3,"cix":2,"bm":0,"ix":2,"mn":"ADBE Vector Group","hd":false}],"ip":0,"op":38.0000015477717,"st":0,"bm":0},{"ddd":0,"ind":25,"ty":4,"nm":"Layer 18 Outlines","sr":1,"ks":{"o":{"a":0,"k":100,"ix":11},"r":{"a":0,"k":0,"ix":10},"p":{"a":0,"k":[231.249,247.535,0],"ix":2},"a":{"a":0,"k":[5.715,25.271,0],"ix":1},"s":{"a":0,"k":[100,100,100],"ix":6}},"ao":0,"shapes":[{"ty":"gr","it":[{"ind":0,"ty":"sh","ix":1,"ks":{"a":0,"k":{"i":[[-1.424,-14.712],[-3.442,12.698],[0,0]],"o":[[3.352,-14.996],[0,0],[-7.362,8.749]],"v":[[-5.285,25.271],[5.714,-18.638],[2.633,-25.271]],"c":true},"ix":2},"nm":"Path 1","mn":"ADBE Vector Shape - Group","hd":false},{"ty":"mm","mm":4,"nm":"Merge Paths 1","mn":"ADBE Vector Filter - Merge","hd":false},{"ty":"fl","c":{"a":0,"k":[0,0,0,1],"ix":4},"o":{"a":0,"k":100,"ix":5},"r":1,"bm":0,"nm":"Fill 1","mn":"ADBE Vector Graphic - Fill","hd":false},{"ty":"tr","p":{"a":0,"k":[5.714,25.271],"ix":2},"a":{"a":0,"k":[0,0],"ix":1},"s":{"a":0,"k":[100,100],"ix":3},"r":{"a":0,"k":0,"ix":6},"o":{"a":0,"k":100,"ix":7},"sk":{"a":0,"k":0,"ix":4},"sa":{"a":0,"k":0,"ix":5},"nm":"Transform"}],"nm":"Group 1","np":3,"cix":2,"bm":0,"ix":1,"mn":"ADBE Vector Group","hd":false}],"ip":0,"op":38.0000015477717,"st":0,"bm":0},{"ddd":0,"ind":26,"ty":4,"nm":"Layer 19 Outlines","sr":1,"ks":{"o":{"a":0,"k":100,"ix":11},"r":{"a":0,"k":0,"ix":10},"p":{"a":0,"k":[214.22,296.146,0],"ix":2},"a":{"a":0,"k":[29.391,92.405,0],"ix":1},"s":{"a":0,"k":[100,100,100],"ix":6}},"ao":0,"shapes":[{"ty":"gr","it":[{"ind":0,"ty":"sh","ix":1,"ks":{"a":0,"k":{"i":[[0,0],[0,0],[-4.251,29.95],[-2.655,11.902],[-3.442,12.698],[0,0],[0,0],[2.834,-25.67]],"o":[[0,0],[0,0],[1.127,-7.942],[3.352,-14.996],[3.632,-13.373],[0,0],[0,0],[-2.951,26.691]],"v":[[-29.141,88.355],[-15.326,92.155],[6.224,7.671],[11.745,-23.339],[22.744,-67.248],[29.141,-90.086],[-0.541,-92.155],[-15.526,0]],"c":true},"ix":2},"nm":"Path 1","mn":"ADBE Vector Shape - Group","hd":false},{"ty":"mm","mm":4,"nm":"Merge Paths 1","mn":"ADBE Vector Filter - Merge","hd":false},{"ty":"fl","c":{"a":0,"k":[0,0,0,1],"ix":4},"o":{"a":0,"k":100,"ix":5},"r":1,"bm":0,"nm":"Fill 1","mn":"ADBE Vector Graphic - Fill","hd":false},{"ty":"tr","p":{"a":0,"k":[29.391,92.405],"ix":2},"a":{"a":0,"k":[0,0],"ix":1},"s":{"a":0,"k":[100,100],"ix":3},"r":{"a":0,"k":0,"ix":6},"o":{"a":0,"k":100,"ix":7},"sk":{"a":0,"k":0,"ix":4},"sa":{"a":0,"k":0,"ix":5},"nm":"Transform"}],"nm":"Group 1","np":3,"cix":2,"bm":0,"ix":1,"mn":"ADBE Vector Group","hd":false},{"ty":"gr","it":[{"ind":0,"ty":"sh","ix":1,"ks":{"a":0,"k":{"i":[[0,0],[0,0],[-4.251,29.95],[-2.655,11.902],[-3.442,12.698],[0,0],[0,0],[2.834,-25.67]],"o":[[0,0],[0,0],[1.127,-7.942],[3.352,-14.996],[3.632,-13.373],[0,0],[0,0],[-2.951,26.691]],"v":[[-29.141,88.355],[-15.326,92.155],[6.224,7.671],[11.745,-23.339],[22.744,-67.248],[29.141,-90.086],[-0.541,-92.155],[-15.526,0]],"c":true},"ix":2},"nm":"Path 1","mn":"ADBE Vector Shape - Group","hd":false},{"ty":"gr","it":[{"ty":"tr","p":{"a":0,"k":[0,0],"ix":2},"a":{"a":0,"k":[0,0],"ix":1},"s":{"a":0,"k":[100,100],"ix":3},"r":{"a":0,"k":0,"ix":6},"o":{"a":0,"k":100,"ix":7},"sk":{"a":0,"k":0,"ix":4},"sa":{"a":0,"k":0,"ix":5},"nm":"Transform"}],"nm":"Group 1","np":0,"cix":2,"bm":0,"ix":2,"mn":"ADBE Vector Group","hd":false},{"ty":"mm","mm":4,"nm":"Merge Paths 1","mn":"ADBE Vector Filter - Merge","hd":false},{"ty":"fl","c":{"a":0,"k":[0.250999989229,0.481999984442,1,1],"ix":4},"o":{"a":0,"k":100,"ix":5},"r":1,"bm":0,"nm":"Fill 1","mn":"ADBE Vector Graphic - Fill","hd":false},{"ty":"tr","p":{"a":0,"k":[29.391,92.405],"ix":2},"a":{"a":0,"k":[0,0],"ix":1},"s":{"a":0,"k":[100,100],"ix":3},"r":{"a":0,"k":0,"ix":6},"o":{"a":0,"k":100,"ix":7},"sk":{"a":0,"k":0,"ix":4},"sa":{"a":0,"k":0,"ix":5},"nm":"Transform"}],"nm":"Group 2","np":4,"cix":2,"bm":0,"ix":2,"mn":"ADBE Vector Group","hd":false}],"ip":0,"op":38.0000015477717,"st":0,"bm":0},{"ddd":0,"ind":27,"ty":4,"nm":"Layer 20 Outlines","sr":1,"ks":{"o":{"a":0,"k":100,"ix":11},"r":{"a":0,"k":0,"ix":10},"p":{"a":0,"k":[254.563,108.35,0],"ix":2},"a":{"a":0,"k":[5.703,4.941,0],"ix":1},"s":{"a":0,"k":[100,100,100],"ix":6}},"ao":0,"shapes":[{"ty":"gr","it":[{"ind":0,"ty":"sh","ix":1,"ks":{"a":0,"k":{"i":[[1.856,-1.805],[1.861,0.056],[-1.473,2.206],[-2.474,-1.157]],"o":[[-1.623,1.579],[-2.797,-0.084],[1.326,-1.985],[2.436,1.14]],"v":[[3.597,2.431],[-2.088,4.635],[-3.98,-0.358],[2.874,-3.534]],"c":true},"ix":2},"nm":"Path 1","mn":"ADBE Vector Shape - Group","hd":false},{"ty":"mm","mm":4,"nm":"Merge Paths 1","mn":"ADBE Vector Filter - Merge","hd":false},{"ty":"fl","c":{"a":0,"k":[1,0.709999952129,0.451000019148,1],"ix":4},"o":{"a":0,"k":100,"ix":5},"r":1,"bm":0,"nm":"Fill 1","mn":"ADBE Vector Graphic - Fill","hd":false},{"ty":"tr","p":{"a":0,"k":[5.703,4.941],"ix":2},"a":{"a":0,"k":[0,0],"ix":1},"s":{"a":0,"k":[100,100],"ix":3},"r":{"a":0,"k":0,"ix":6},"o":{"a":0,"k":100,"ix":7},"sk":{"a":0,"k":0,"ix":4},"sa":{"a":0,"k":0,"ix":5},"nm":"Transform"}],"nm":"Group 1","np":3,"cix":2,"bm":0,"ix":1,"mn":"ADBE Vector Group","hd":false}],"ip":0,"op":38.0000015477717,"st":0,"bm":0},{"ddd":0,"ind":28,"ty":4,"nm":"Layer 21 Outlines","sr":1,"ks":{"o":{"a":0,"k":100,"ix":11},"r":{"a":0,"k":0,"ix":10},"p":{"a":0,"k":[241.649,109.194,0],"ix":2},"a":{"a":0,"k":[3.164,1.452,0],"ix":1},"s":{"a":0,"k":[100,100,100],"ix":6}},"ao":0,"shapes":[{"ty":"gr","it":[{"ind":0,"ty":"sh","ix":1,"ks":{"a":0,"k":{"i":[[-0.113,-0.03],[-0.001,-0.001],[-0.088,0.082],[0.081,0.087],[0.087,-0.081],[3.124,0.765],[0.028,-0.116]],"o":[[0.001,0],[3.359,0.823],[0.087,-0.082],[-0.082,-0.087],[-0.02,0.019],[-0.115,-0.029],[-0.029,0.114]],"v":[[-2.731,0.378],[-2.727,0.38],[2.822,-0.805],[2.833,-1.11],[2.527,-1.122],[-2.624,-0.04],[-2.885,0.119]],"c":true},"ix":2},"nm":"Path 1","mn":"ADBE Vector Shape - Group","hd":false},{"ty":"mm","mm":4,"nm":"Merge Paths 1","mn":"ADBE Vector Filter - Merge","hd":false},{"ty":"fl","c":{"a":0,"k":[0.149000010771,0.195999998205,0.219999994016,1],"ix":4},"o":{"a":0,"k":100,"ix":5},"r":1,"bm":0,"nm":"Fill 1","mn":"ADBE Vector Graphic - Fill","hd":false},{"ty":"tr","p":{"a":0,"k":[3.163,1.453],"ix":2},"a":{"a":0,"k":[0,0],"ix":1},"s":{"a":0,"k":[100,100],"ix":3},"r":{"a":0,"k":0,"ix":6},"o":{"a":0,"k":100,"ix":7},"sk":{"a":0,"k":0,"ix":4},"sa":{"a":0,"k":0,"ix":5},"nm":"Transform"}],"nm":"Group 1","np":3,"cix":2,"bm":0,"ix":1,"mn":"ADBE Vector Group","hd":false}],"ip":0,"op":38.0000015477717,"st":0,"bm":0},{"ddd":0,"ind":29,"ty":4,"nm":"Layer 22 Outlines","sr":1,"ks":{"o":{"a":0,"k":100,"ix":11},"r":{"a":0,"k":0,"ix":10},"p":{"a":0,"k":[266.602,95.656,0],"ix":2},"a":{"a":0,"k":[4.291,3.462,0],"ix":1},"s":{"a":0,"k":[100,100,100],"ix":6}},"ao":0,"shapes":[{"ty":"gr","it":[{"ind":0,"ty":"sh","ix":1,"ks":{"a":0,"k":{"i":[[4.703,2.016],[-0.141,5.484]],"o":[[0,0],[2.702,5.588]],"v":[[-4.041,1.196],[1.339,-3.212]],"c":true},"ix":2},"nm":"Path 1","mn":"ADBE Vector Shape - Group","hd":false},{"ty":"mm","mm":4,"nm":"Merge Paths 1","mn":"ADBE Vector Filter - Merge","hd":false},{"ty":"fl","c":{"a":0,"k":[0.149000010771,0.195999998205,0.219999994016,1],"ix":4},"o":{"a":0,"k":100,"ix":5},"r":1,"bm":0,"nm":"Fill 1","mn":"ADBE Vector Graphic - Fill","hd":false},{"ty":"tr","p":{"a":0,"k":[4.291,3.462],"ix":2},"a":{"a":0,"k":[0,0],"ix":1},"s":{"a":0,"k":[100,100],"ix":3},"r":{"a":0,"k":0,"ix":6},"o":{"a":0,"k":100,"ix":7},"sk":{"a":0,"k":0,"ix":4},"sa":{"a":0,"k":0,"ix":5},"nm":"Transform"}],"nm":"Group 1","np":3,"cix":2,"bm":0,"ix":1,"mn":"ADBE Vector Group","hd":false}],"ip":0,"op":38.0000015477717,"st":0,"bm":0},{"ddd":0,"ind":30,"ty":4,"nm":"Layer 23 Outlines","sr":1,"ks":{"o":{"a":0,"k":100,"ix":11},"r":{"a":0,"k":0,"ix":10},"p":{"a":0,"k":[250.013,93.236,0],"ix":2},"a":{"a":0,"k":[19.777,16.233,0],"ix":1},"s":{"a":0,"k":[100,100,100],"ix":6}},"ao":0,"shapes":[{"ty":"gr","it":[{"ind":0,"ty":"sh","ix":1,"ks":{"a":0,"k":{"i":[[17.602,-3.183],[-0.376,2.424],[0,0],[0.11,3.41],[4.565,3.85],[2.34,1.705],[-3.538,0.743],[-0.471,2.737],[-5.175,-5.259],[0,0]],"o":[[0,0],[0.357,-2.299],[0,0],[0,0],[-4.566,-3.851],[5.594,-0.548],[3.406,-0.714],[10.671,9.192],[3.307,3.362],[0,0]],"v":[[1.925,15.983],[1.596,9.977],[3.067,5.442],[-1.829,-0.799],[-14.961,-2.121],[-17.791,-12.132],[-6.954,-10.015],[-6.075,-15.983],[14.415,-5.847],[14.246,3.819]],"c":true},"ix":2},"nm":"Path 1","mn":"ADBE Vector Shape - Group","hd":false},{"ty":"mm","mm":4,"nm":"Merge Paths 1","mn":"ADBE Vector Filter - Merge","hd":false},{"ty":"fl","c":{"a":0,"k":[0.149000010771,0.195999998205,0.219999994016,1],"ix":4},"o":{"a":0,"k":100,"ix":5},"r":1,"bm":0,"nm":"Fill 1","mn":"ADBE Vector Graphic - Fill","hd":false},{"ty":"tr","p":{"a":0,"k":[19.777,16.233],"ix":2},"a":{"a":0,"k":[0,0],"ix":1},"s":{"a":0,"k":[100,100],"ix":3},"r":{"a":0,"k":0,"ix":6},"o":{"a":0,"k":100,"ix":7},"sk":{"a":0,"k":0,"ix":4},"sa":{"a":0,"k":0,"ix":5},"nm":"Transform"}],"nm":"Group 1","np":3,"cix":2,"bm":0,"ix":1,"mn":"ADBE Vector Group","hd":false}],"ip":0,"op":38.0000015477717,"st":0,"bm":0},{"ddd":0,"ind":31,"ty":4,"nm":"Layer 24 Outlines","sr":1,"ks":{"o":{"a":0,"k":100,"ix":11},"r":{"a":0,"k":0,"ix":10},"p":{"a":0,"k":[245.198,104.206,0],"ix":2},"a":{"a":0,"k":[14.34,18.664,0],"ix":1},"s":{"a":0,"k":[100,100,100],"ix":6}},"ao":0,"shapes":[{"ty":"gr","it":[{"ind":0,"ty":"sh","ix":1,"ks":{"a":0,"k":{"i":[[2.545,-8.003],[5.156,-3.139],[-0.103,8.603],[-8.771,1.232]],"o":[[-2.545,8.003],[-7.755,4.722],[0.092,-7.743],[8.641,-1.214]],"v":[[11.546,-2.265],[2.762,13.692],[-13.988,3.563],[-0.978,-17.2]],"c":true},"ix":2},"nm":"Path 1","mn":"ADBE Vector Shape - Group","hd":false},{"ty":"mm","mm":4,"nm":"Merge Paths 1","mn":"ADBE Vector Filter - Merge","hd":false},{"ty":"fl","c":{"a":0,"k":[1,0.709999952129,0.451000019148,1],"ix":4},"o":{"a":0,"k":100,"ix":5},"r":1,"bm":0,"nm":"Fill 1","mn":"ADBE Vector Graphic - Fill","hd":false},{"ty":"tr","p":{"a":0,"k":[14.341,18.664],"ix":2},"a":{"a":0,"k":[0,0],"ix":1},"s":{"a":0,"k":[100,100],"ix":3},"r":{"a":0,"k":0,"ix":6},"o":{"a":0,"k":100,"ix":7},"sk":{"a":0,"k":0,"ix":4},"sa":{"a":0,"k":0,"ix":5},"nm":"Transform"}],"nm":"Group 1","np":3,"cix":2,"bm":0,"ix":1,"mn":"ADBE Vector Group","hd":false}],"ip":0,"op":38.0000015477717,"st":0,"bm":0},{"ddd":0,"ind":32,"ty":4,"nm":"Layer 25 Outlines","sr":1,"ks":{"o":{"a":0,"k":100,"ix":11},"r":{"a":0,"k":0,"ix":10},"p":{"a":0,"k":[238.971,94.717,0],"ix":2},"a":{"a":0,"k":[8.666,8.473,0],"ix":1},"s":{"a":0,"k":[100,100,100],"ix":6}},"ao":0,"shapes":[{"ty":"gr","it":[{"ind":0,"ty":"sh","ix":1,"ks":{"a":0,"k":{"i":[[2.194,-3.094],[-0.191,4.677],[-6.928,-1.423]],"o":[[-2.005,2.827],[7.607,-1.007],[5.738,1.179]],"v":[[-1.173,5.396],[-8.226,-1.661],[2.679,-6.8]],"c":true},"ix":2},"nm":"Path 1","mn":"ADBE Vector Shape - Group","hd":false},{"ty":"mm","mm":4,"nm":"Merge Paths 1","mn":"ADBE Vector Filter - Merge","hd":false},{"ty":"fl","c":{"a":0,"k":[0.149000010771,0.195999998205,0.219999994016,1],"ix":4},"o":{"a":0,"k":100,"ix":5},"r":1,"bm":0,"nm":"Fill 1","mn":"ADBE Vector Graphic - Fill","hd":false},{"ty":"tr","p":{"a":0,"k":[8.666,8.473],"ix":2},"a":{"a":0,"k":[0,0],"ix":1},"s":{"a":0,"k":[100,100],"ix":3},"r":{"a":0,"k":0,"ix":6},"o":{"a":0,"k":100,"ix":7},"sk":{"a":0,"k":0,"ix":4},"sa":{"a":0,"k":0,"ix":5},"nm":"Transform"}],"nm":"Group 1","np":3,"cix":2,"bm":0,"ix":1,"mn":"ADBE Vector Group","hd":false}],"ip":0,"op":38.0000015477717,"st":0,"bm":0},{"ddd":0,"ind":33,"ty":4,"nm":"Layer 26 Outlines","sr":1,"ks":{"o":{"a":0,"k":100,"ix":11},"r":{"a":0,"k":0,"ix":10},"p":{"a":0,"k":[242.489,117.444,0],"ix":2},"a":{"a":0,"k":[3.751,4.455,0],"ix":1},"s":{"a":0,"k":[100,100,100],"ix":6}},"ao":0,"shapes":[{"ty":"gr","it":[{"ind":0,"ty":"sh","ix":1,"ks":{"a":0,"k":{"i":[[0.18,0.655],[0,0],[-0.001,-1.125],[-0.472,2.735]],"o":[[0,0],[0.209,1.156],[2.658,-0.197],[0.235,-1.365]],"v":[[3.637,-4.455],[-3.752,1.008],[-3.398,4.456],[3.547,-1.111]],"c":true},"ix":2},"nm":"Path 1","mn":"ADBE Vector Shape - Group","hd":false},{"ty":"mm","mm":4,"nm":"Merge Paths 1","mn":"ADBE Vector Filter - Merge","hd":false},{"ty":"fl","c":{"a":0,"k":[0,0,0,1],"ix":4},"o":{"a":0,"k":100,"ix":5},"r":1,"bm":0,"nm":"Fill 1","mn":"ADBE Vector Graphic - Fill","hd":false},{"ty":"tr","p":{"a":0,"k":[3.751,4.456],"ix":2},"a":{"a":0,"k":[0,0],"ix":1},"s":{"a":0,"k":[100,100],"ix":3},"r":{"a":0,"k":0,"ix":6},"o":{"a":0,"k":100,"ix":7},"sk":{"a":0,"k":0,"ix":4},"sa":{"a":0,"k":0,"ix":5},"nm":"Transform"}],"nm":"Group 1","np":3,"cix":2,"bm":0,"ix":1,"mn":"ADBE Vector Group","hd":false}],"ip":0,"op":38.0000015477717,"st":0,"bm":0},{"ddd":0,"ind":34,"ty":4,"nm":"Layer 27 Outlines","sr":1,"ks":{"o":{"a":0,"k":100,"ix":11},"r":{"a":0,"k":0,"ix":10},"p":{"a":0,"k":[241.349,122.835,0],"ix":2},"a":{"a":0,"k":[10.51,13.867,0],"ix":1},"s":{"a":0,"k":[100,100,100],"ix":6}},"ao":0,"shapes":[{"ty":"gr","it":[{"ind":0,"ty":"sh","ix":1,"ks":{"a":0,"k":{"i":[[0,0],[-4.033,-4.422],[6.927,0.634],[-1.328,1.975],[0.864,4.882]],"o":[[-1.642,6.091],[-3.395,3.041],[-5.305,-0.486],[7.001,-1.164],[0,0]],"v":[[9.868,-13.617],[10.26,8.128],[-4.947,12.983],[-8.932,6.789],[-2.617,-4.378]],"c":true},"ix":2},"nm":"Path 1","mn":"ADBE Vector Shape - Group","hd":false},{"ty":"mm","mm":4,"nm":"Merge Paths 1","mn":"ADBE Vector Filter - Merge","hd":false},{"ty":"fl","c":{"a":0,"k":[1,0.709999952129,0.451000019148,1],"ix":4},"o":{"a":0,"k":100,"ix":5},"r":1,"bm":0,"nm":"Fill 1","mn":"ADBE Vector Graphic - Fill","hd":false},{"ty":"tr","p":{"a":0,"k":[10.51,13.867],"ix":2},"a":{"a":0,"k":[0,0],"ix":1},"s":{"a":0,"k":[100,100],"ix":3},"r":{"a":0,"k":0,"ix":6},"o":{"a":0,"k":100,"ix":7},"sk":{"a":0,"k":0,"ix":4},"sa":{"a":0,"k":0,"ix":5},"nm":"Transform"}],"nm":"Group 1","np":3,"cix":2,"bm":0,"ix":1,"mn":"ADBE Vector Group","hd":false}],"ip":0,"op":38.0000015477717,"st":0,"bm":0},{"ddd":0,"ind":35,"ty":4,"nm":"Layer 28 Outlines","sr":1,"ks":{"o":{"a":0,"k":100,"ix":11},"r":{"a":0,"k":0,"ix":10},"p":{"a":0,"k":[259.411,155.892,0],"ix":2},"a":{"a":0,"k":[4.217,9.782,0],"ix":1},"s":{"a":0,"k":[100,100,100],"ix":6}},"ao":0,"shapes":[{"ty":"gr","it":[{"ind":0,"ty":"sh","ix":1,"ks":{"a":0,"k":{"i":[[0,0],[-3.526,-5.604],[-0.159,1.314],[-1.03,5.152]],"o":[[-0.025,7.566],[0.127,-1.288],[0.602,-4.927],[0,0]],"v":[[-4.217,-9.782],[1.372,9.782],[1.807,5.879],[4.217,-9.301]],"c":true},"ix":2},"nm":"Path 1","mn":"ADBE Vector Shape - Group","hd":false},{"ty":"mm","mm":4,"nm":"Merge Paths 1","mn":"ADBE Vector Filter - Merge","hd":false},{"ty":"fl","c":{"a":0,"k":[0,0,0,1],"ix":4},"o":{"a":0,"k":100,"ix":5},"r":1,"bm":0,"nm":"Fill 1","mn":"ADBE Vector Graphic - Fill","hd":false},{"ty":"tr","p":{"a":0,"k":[4.217,9.782],"ix":2},"a":{"a":0,"k":[0,0],"ix":1},"s":{"a":0,"k":[100,100],"ix":3},"r":{"a":0,"k":0,"ix":6},"o":{"a":0,"k":100,"ix":7},"sk":{"a":0,"k":0,"ix":4},"sa":{"a":0,"k":0,"ix":5},"nm":"Transform"}],"nm":"Group 1","np":3,"cix":2,"bm":0,"ix":1,"mn":"ADBE Vector Group","hd":false}],"ip":0,"op":38.0000015477717,"st":0,"bm":0},{"ddd":0,"ind":36,"ty":4,"nm":"Layer 29 Outlines","sr":1,"ks":{"o":{"a":0,"k":100,"ix":11},"r":{"a":0,"k":0,"ix":10},"p":{"a":0,"k":[237.065,168.327,0],"ix":2},"a":{"a":0,"k":[29.78,39.058,0],"ix":1},"s":{"a":0,"k":[100,100,100],"ix":6}},"ao":0,"shapes":[{"ty":"gr","it":[{"ind":0,"ty":"sh","ix":1,"ks":{"a":0,"k":{"i":[[0,0],[1.099,-8.962],[0.298,-5.675],[0.395,-3.435],[13.596,0.952],[0,0],[-5.809,0.339],[-0.79,0.016],[-5.746,-0.677],[-1.187,-0.191]],"o":[[-2.61,9.351],[-0.8,6.558],[-0.703,13.301],[-6.617,-0.459],[-6.149,-48.135],[0,0],[0.764,-0.049],[5.114,-0.108],[1.208,0.144],[6.046,0.984]],"v":[[27.346,-34.443],[21.969,-6.608],[20.39,11.882],[19.584,38.76],[-25.565,35.615],[-19.973,-37.32],[-9.166,-38.656],[-6.833,-38.748],[12.363,-37.412],[15.98,-36.9]],"c":true},"ix":2},"nm":"Path 1","mn":"ADBE Vector Shape - Group","hd":false},{"ty":"mm","mm":4,"nm":"Merge Paths 1","mn":"ADBE Vector Filter - Merge","hd":false},{"ty":"fl","c":{"a":0,"k":[0.250999989229,0.481999984442,1,1],"ix":4},"o":{"a":0,"k":100,"ix":5},"r":1,"bm":0,"nm":"Fill 1","mn":"ADBE Vector Graphic - Fill","hd":false},{"ty":"tr","p":{"a":0,"k":[31.964,39.106],"ix":2},"a":{"a":0,"k":[0,0],"ix":1},"s":{"a":0,"k":[100,100],"ix":3},"r":{"a":0,"k":0,"ix":6},"o":{"a":0,"k":100,"ix":7},"sk":{"a":0,"k":0,"ix":4},"sa":{"a":0,"k":0,"ix":5},"nm":"Transform"}],"nm":"Group 1","np":3,"cix":2,"bm":0,"ix":1,"mn":"ADBE Vector Group","hd":false},{"ty":"gr","it":[{"ind":0,"ty":"sh","ix":1,"ks":{"a":0,"k":{"i":[[0,0],[1.099,-8.962],[0.298,-5.675],[0.395,-3.435],[13.596,0.952],[0,0],[-5.809,0.339],[-0.79,0.016],[-5.746,-0.677],[-1.187,-0.191]],"o":[[-2.61,9.351],[-0.8,6.558],[-0.703,13.301],[-6.617,-0.459],[-6.149,-48.135],[0,0],[0.764,-0.049],[5.114,-0.108],[1.208,0.144],[6.046,0.984]],"v":[[29.53,-34.395],[24.153,-6.56],[22.574,11.93],[21.768,38.808],[-23.381,35.663],[-17.789,-37.272],[-6.982,-38.608],[-4.649,-38.7],[14.547,-37.364],[18.164,-36.852]],"c":true},"ix":2},"nm":"Path 1","mn":"ADBE Vector Shape - Group","hd":false},{"ty":"mm","mm":4,"nm":"Merge Paths 1","mn":"ADBE Vector Filter - Merge","hd":false},{"ty":"fl","c":{"a":0,"k":[1,1,1,1],"ix":4},"o":{"a":0,"k":100,"ix":5},"r":1,"bm":0,"nm":"Fill 1","mn":"ADBE Vector Graphic - Fill","hd":false},{"ty":"tr","p":{"a":0,"k":[29.78,39.058],"ix":2},"a":{"a":0,"k":[0,0],"ix":1},"s":{"a":0,"k":[100,100],"ix":3},"r":{"a":0,"k":0,"ix":6},"o":{"a":0,"k":100,"ix":7},"sk":{"a":0,"k":0,"ix":4},"sa":{"a":0,"k":0,"ix":5},"nm":"Transform"}],"nm":"Group 2","np":3,"cix":2,"bm":0,"ix":2,"mn":"ADBE Vector Group","hd":false}],"ip":0,"op":38.0000015477717,"st":0,"bm":0},{"ddd":0,"ind":37,"ty":4,"nm":"Layer 30 Outlines","sr":1,"ks":{"o":{"a":0,"k":100,"ix":11},"r":{"a":0,"k":0,"ix":10},"p":{"a":0,"k":[225.007,383.909,0],"ix":2},"a":{"a":0,"k":[37.685,6.839,0],"ix":1},"s":{"a":0,"k":[100,100,100],"ix":6}},"ao":0,"shapes":[{"ty":"gr","it":[{"ind":0,"ty":"sh","ix":1,"ks":{"a":0,"k":{"i":[[0,0],[0,0],[0,0],[0,0]],"o":[[0,0],[0,0],[0,0],[0,0]],"v":[[3.688,-5.051],[-4.778,-5.051],[-3.687,5.05],[4.778,5.05]],"c":true},"ix":2},"nm":"Path 1","mn":"ADBE Vector Shape - Group","hd":false},{"ty":"fl","c":{"a":0,"k":[0,0,0,1],"ix":4},"o":{"a":0,"k":100,"ix":5},"r":1,"bm":0,"nm":"Fill 1","mn":"ADBE Vector Graphic - Fill","hd":false},{"ty":"tr","p":{"a":0,"k":[70.591,7.513],"ix":2},"a":{"a":0,"k":[0,0],"ix":1},"s":{"a":0,"k":[100,100],"ix":3},"r":{"a":0,"k":0,"ix":6},"o":{"a":0,"k":100,"ix":7},"sk":{"a":0,"k":0,"ix":4},"sa":{"a":0,"k":0,"ix":5},"nm":"Transform"}],"nm":"Group 1","np":4,"cix":2,"bm":0,"ix":1,"mn":"ADBE Vector Group","hd":false},{"ty":"gr","it":[{"ind":0,"ty":"sh","ix":1,"ks":{"a":0,"k":{"i":[[0,0],[0,0],[0,0],[0,0]],"o":[[0,0],[0,0],[0,0],[0,0]],"v":[[-2.827,-6.839],[-5.216,4.758],[2.943,6.839],[5.215,-4.197]],"c":true},"ix":2},"nm":"Path 1","mn":"ADBE Vector Shape - Group","hd":false},{"ty":"fl","c":{"a":0,"k":[0,0,0,1],"ix":4},"o":{"a":0,"k":100,"ix":5},"r":1,"bm":0,"nm":"Fill 1","mn":"ADBE Vector Graphic - Fill","hd":false},{"ty":"tr","p":{"a":0,"k":[5.215,6.839],"ix":2},"a":{"a":0,"k":[0,0],"ix":1},"s":{"a":0,"k":[100,100],"ix":3},"r":{"a":0,"k":0,"ix":6},"o":{"a":0,"k":100,"ix":7},"sk":{"a":0,"k":0,"ix":4},"sa":{"a":0,"k":0,"ix":5},"nm":"Transform"}],"nm":"Group 2","np":4,"cix":2,"bm":0,"ix":2,"mn":"ADBE Vector Group","hd":false}],"ip":0,"op":38.0000015477717,"st":0,"bm":0},{"ddd":0,"ind":38,"ty":4,"nm":"Layer 31 Outlines","sr":1,"ks":{"o":{"a":0,"k":100,"ix":11},"r":{"a":0,"k":0,"ix":10},"p":{"a":0,"k":[163.046,141.272,0],"ix":2},"a":{"a":0,"k":[6.484,4.417,0],"ix":1},"s":{"a":0,"k":[100,100,100],"ix":6}},"ao":0,"shapes":[{"ty":"gr","it":[{"ind":0,"ty":"sh","ix":1,"ks":{"a":0,"k":{"i":[[0,0],[0,0],[0,0],[0,0]],"o":[[0,0],[0,0],[0,0],[0,0]],"v":[[1.5,-4.167],[-6.234,-1.063],[-3.147,4.167],[6.234,1.288]],"c":true},"ix":2},"nm":"Path 1","mn":"ADBE Vector Shape - Group","hd":false},{"ty":"fl","c":{"a":0,"k":[1,0.709999952129,0.451000019148,1],"ix":4},"o":{"a":0,"k":100,"ix":5},"r":1,"bm":0,"nm":"Fill 1","mn":"ADBE Vector Graphic - Fill","hd":false},{"ty":"tr","p":{"a":0,"k":[6.484,4.417],"ix":2},"a":{"a":0,"k":[0,0],"ix":1},"s":{"a":0,"k":[100,100],"ix":3},"r":{"a":0,"k":0,"ix":6},"o":{"a":0,"k":100,"ix":7},"sk":{"a":0,"k":0,"ix":4},"sa":{"a":0,"k":0,"ix":5},"nm":"Transform"}],"nm":"Group 1","np":2,"cix":2,"bm":0,"ix":1,"mn":"ADBE Vector Group","hd":false}],"ip":0,"op":38.0000015477717,"st":0,"bm":0},{"ddd":0,"ind":39,"ty":4,"nm":"Layer 32 Outlines","sr":1,"ks":{"o":{"a":0,"k":100,"ix":11},"r":{"a":0,"k":0,"ix":10},"p":{"a":0,"k":[165.963,146.925,0],"ix":2},"a":{"a":0,"k":[6.314,4.616,0],"ix":1},"s":{"a":0,"k":[100,100,100],"ix":6}},"ao":0,"shapes":[{"ty":"gr","it":[{"ind":0,"ty":"sh","ix":1,"ks":{"a":0,"k":{"i":[[0,0],[0,0],[0,0],[-3.535,-2.398]],"o":[[0,0],[0,0],[0,0],[0,0]],"v":[[6.065,2.614],[3.318,-4.365],[-6.065,-1.485],[0.657,4.365]],"c":true},"ix":2},"nm":"Path 1","mn":"ADBE Vector Shape - Group","hd":false},{"ty":"fl","c":{"a":0,"k":[1,0.709999952129,0.451000019148,1],"ix":4},"o":{"a":0,"k":100,"ix":5},"r":1,"bm":0,"nm":"Fill 1","mn":"ADBE Vector Graphic - Fill","hd":false},{"ty":"tr","p":{"a":0,"k":[6.314,4.616],"ix":2},"a":{"a":0,"k":[0,0],"ix":1},"s":{"a":0,"k":[100,100],"ix":3},"r":{"a":0,"k":0,"ix":6},"o":{"a":0,"k":100,"ix":7},"sk":{"a":0,"k":0,"ix":4},"sa":{"a":0,"k":0,"ix":5},"nm":"Transform"}],"nm":"Group 1","np":4,"cix":2,"bm":0,"ix":1,"mn":"ADBE Vector Group","hd":false}],"ip":0,"op":38.0000015477717,"st":0,"bm":0},{"ddd":0,"ind":40,"ty":4,"nm":"Layer 33 Outlines","sr":1,"ks":{"o":{"a":0,"k":100,"ix":11},"r":{"a":0,"k":0,"ix":10},"p":{"a":0,"k":[215.723,145.735,0],"ix":2},"a":{"a":0,"k":[17.36,16.876,0],"ix":1},"s":{"a":0,"k":[100,100,100],"ix":6}},"ao":0,"shapes":[{"ty":"gr","it":[{"ind":0,"ty":"sh","ix":1,"ks":{"a":0,"k":{"i":[[3.368,-0.302],[2.087,-6.628],[0.162,-0.754],[0,0],[-5.187,7.349]],"o":[[-7.468,0.678],[-0.226,0.743],[0,0],[0,0],[0.258,-3.476]],"v":[[5.388,-10.178],[-8.935,3.133],[-9.527,5.383],[-3.964,10.203],[9.488,-4.636]],"c":true},"ix":2},"nm":"Path 1","mn":"ADBE Vector Shape - Group","hd":false},{"ty":"fl","c":{"a":0,"k":[0,0,0,1],"ix":4},"o":{"a":0,"k":100,"ix":5},"r":1,"bm":0,"nm":"Fill 1","mn":"ADBE Vector Graphic - Fill","hd":false},{"ty":"tr","p":{"a":0,"k":[20.273,23.3],"ix":2},"a":{"a":0,"k":[0,0],"ix":1},"s":{"a":0,"k":[100,100],"ix":3},"r":{"a":0,"k":0,"ix":6},"o":{"a":0,"k":100,"ix":7},"sk":{"a":0,"k":0,"ix":4},"sa":{"a":0,"k":0,"ix":5},"nm":"Transform"}],"nm":"Group 1","np":4,"cix":2,"bm":0,"ix":1,"mn":"ADBE Vector Group","hd":false},{"ty":"gr","it":[{"ind":0,"ty":"sh","ix":1,"ks":{"a":0,"k":{"i":[[-0.679,-8.726],[0,0],[0,0],[-7.593,7.203]],"o":[[0.627,8.066],[0,0],[0,0],[5.224,-4.956]],"v":[[16.789,-8.708],[-0.748,15.818],[-16.804,1.892],[-2.449,-12.47]],"c":true},"ix":2},"nm":"Path 1","mn":"ADBE Vector Shape - Group","hd":false},{"ty":"fl","c":{"a":0,"k":[0.250999989229,0.481999984442,1,1],"ix":4},"o":{"a":0,"k":100,"ix":5},"r":1,"bm":0,"nm":"Fill 1","mn":"ADBE Vector Graphic - Fill","hd":false},{"ty":"tr","p":{"a":0,"k":[17.054,17.684],"ix":2},"a":{"a":0,"k":[0,0],"ix":1},"s":{"a":0,"k":[100,100],"ix":3},"r":{"a":0,"k":0,"ix":6},"o":{"a":0,"k":100,"ix":7},"sk":{"a":0,"k":0,"ix":4},"sa":{"a":0,"k":0,"ix":5},"nm":"Transform"}],"nm":"Group 2","np":4,"cix":2,"bm":0,"ix":2,"mn":"ADBE Vector Group","hd":false},{"ty":"gr","it":[{"ind":0,"ty":"sh","ix":1,"ks":{"a":0,"k":{"i":[[-0.679,-8.726],[0,0],[0,0],[-7.593,7.203]],"o":[[0.627,8.066],[0,0],[0,0],[5.224,-4.956]],"v":[[16.483,-7.9],[-1.054,16.626],[-17.11,2.7],[-2.755,-11.662]],"c":true},"ix":2},"nm":"Path 1","mn":"ADBE Vector Shape - Group","hd":false},{"ty":"fl","c":{"a":0,"k":[1,1,1,1],"ix":4},"o":{"a":0,"k":100,"ix":5},"r":1,"bm":0,"nm":"Fill 1","mn":"ADBE Vector Graphic - Fill","hd":false},{"ty":"tr","p":{"a":0,"k":[17.36,16.876],"ix":2},"a":{"a":0,"k":[0,0],"ix":1},"s":{"a":0,"k":[100,100],"ix":3},"r":{"a":0,"k":0,"ix":6},"o":{"a":0,"k":100,"ix":7},"sk":{"a":0,"k":0,"ix":4},"sa":{"a":0,"k":0,"ix":5},"nm":"Transform"}],"nm":"Group 3","np":4,"cix":2,"bm":0,"ix":3,"mn":"ADBE Vector Group","hd":false}],"ip":0,"op":38.0000015477717,"st":0,"bm":0},{"ddd":0,"ind":41,"ty":4,"nm":"Layer 34 Outlines","sr":1,"ks":{"o":{"a":0,"k":100,"ix":11},"r":{"a":0,"k":0,"ix":10},"p":{"a":0,"k":[196.9,149.911,0],"ix":2},"a":{"a":0,"k":[30.912,15.97,0],"ix":1},"s":{"a":0,"k":[100,100,100],"ix":6}},"ao":0,"shapes":[{"ty":"gr","it":[{"ind":0,"ty":"sh","ix":1,"ks":{"a":0,"k":{"i":[[0,0],[0.478,-0.586],[0.479,-0.546],[1.006,-1.043],[2.257,-1.89],[6.184,-2.182],[1.702,-0.282],[0.432,-0.055],[0,0],[0.609,0.016],[0.496,0.088],[1.488,0.635],[1.279,0.768],[2.219,1.773],[2.023,2.076],[0,0],[-4.599,-1.774],[-1.063,-0.297],[-0.667,-0.013],[-0.111,0.003],[-0.31,0.058],[0,0],[0,0],[-0.484,0.134],[-0.497,0.231],[-1.945,1.356],[-1.858,1.634],[-1.763,1.802],[-0.834,0.941],[0,0],[0,0]],"o":[[-0.539,0.705],[-0.461,0.572],[-0.961,1.088],[-2.001,2.096],[-4.544,3.729],[-1.541,0.539],[-0.427,0.067],[0,0],[-0.36,0.046],[-0.564,-0.038],[-2.022,-0.341],[-1.479,-0.643],[-2.563,-1.519],[-2.228,-1.78],[0,0],[4.697,2.335],[1.151,0.428],[1.053,0.298],[0.174,0.01],[0.068,-0.035],[0,0],[0,0],[0.474,-0.091],[0.493,-0.2],[1.986,-0.824],[1.965,-1.32],[1.866,-1.627],[0.877,-0.905],[0,0],[0,0],[0,0]],"v":[[30.663,-7.885],[29.227,-6.075],[27.807,-4.411],[24.859,-1.218],[18.46,4.742],[2.712,14.106],[-2.156,15.357],[-3.438,15.552],[-4.753,15.669],[-6.408,15.704],[-8.042,15.528],[-13.139,13.93],[-17.242,11.801],[-24.348,6.833],[-30.663,1.131],[-26.827,-3.934],[-12.725,2.632],[-9.38,3.75],[-6.633,4.219],[-6.242,4.197],[-5.872,4.115],[-5.169,3.998],[-4.451,3.824],[-2.999,3.399],[-1.521,2.82],[4.413,-0.51],[10.141,-5.006],[15.561,-10.199],[18.133,-12.971],[19.37,-14.383],[20.507,-15.72]],"c":true},"ix":2},"nm":"Path 1","mn":"ADBE Vector Shape - Group","hd":false},{"ty":"fl","c":{"a":0,"k":[1,0.709999952129,0.451000019148,1],"ix":4},"o":{"a":0,"k":100,"ix":5},"r":1,"bm":0,"nm":"Fill 1","mn":"ADBE Vector Graphic - Fill","hd":false},{"ty":"tr","p":{"a":0,"k":[30.912,15.97],"ix":2},"a":{"a":0,"k":[0,0],"ix":1},"s":{"a":0,"k":[100,100],"ix":3},"r":{"a":0,"k":0,"ix":6},"o":{"a":0,"k":100,"ix":7},"sk":{"a":0,"k":0,"ix":4},"sa":{"a":0,"k":0,"ix":5},"nm":"Transform"}],"nm":"Group 1","np":4,"cix":2,"bm":0,"ix":1,"mn":"ADBE Vector Group","hd":false}],"ip":0,"op":38.0000015477717,"st":0,"bm":0},{"ddd":0,"ind":42,"ty":4,"nm":"Layer 35 Outlines","sr":1,"ks":{"o":{"a":0,"k":100,"ix":11},"r":{"a":0,"k":0,"ix":10},"p":{"a":0,"k":[181.197,401.138,0],"ix":2},"a":{"a":0,"k":[14.398,6.473,0],"ix":1},"s":{"a":0,"k":[100,100,100],"ix":6}},"ao":0,"shapes":[{"ty":"gr","it":[{"ind":0,"ty":"sh","ix":1,"ks":{"a":0,"k":{"i":[[-0.704,-0.194],[0,0],[0.017,-0.346],[0,0],[0.766,0.225],[4.039,1.114],[5.539,1.526],[-1.487,-0.08],[-6.451,1.881]],"o":[[0,0],[0.333,0.091],[0,0],[-0.041,0.798],[-3.198,-0.94],[-4.723,-1.301],[-3.35,-0.923],[6.766,0.362],[0.702,-0.204]],"v":[[4.682,-6.029],[13.59,-3.573],[14.132,-2.825],[13.744,4.87],[12.171,5.998],[0.341,2.476],[-10.799,-0.801],[-12.658,-5.286],[2.54,-5.935]],"c":true},"ix":2},"nm":"Path 1","mn":"ADBE Vector Shape - Group","hd":false},{"ty":"fl","c":{"a":0,"k":[0.149000010771,0.195999998205,0.219999994016,1],"ix":4},"o":{"a":0,"k":100,"ix":5},"r":1,"bm":0,"nm":"Fill 1","mn":"ADBE Vector Graphic - Fill","hd":false},{"ty":"tr","p":{"a":0,"k":[14.398,6.473],"ix":2},"a":{"a":0,"k":[0,0],"ix":1},"s":{"a":0,"k":[100,100],"ix":3},"r":{"a":0,"k":0,"ix":6},"o":{"a":0,"k":100,"ix":7},"sk":{"a":0,"k":0,"ix":4},"sa":{"a":0,"k":0,"ix":5},"nm":"Transform"}],"nm":"Group 1","np":4,"cix":2,"bm":0,"ix":1,"mn":"ADBE Vector Group","hd":false}],"ip":0,"op":38.0000015477717,"st":0,"bm":0},{"ddd":0,"ind":43,"ty":4,"nm":"Layer 36 Outlines","sr":1,"ks":{"o":{"a":0,"k":100,"ix":11},"r":{"a":0,"k":0,"ix":10},"p":{"a":0,"k":[252.815,402.954,0],"ix":2},"a":{"a":0,"k":[14.865,5.06,0],"ix":1},"s":{"a":0,"k":[100,100,100],"ix":6}},"ao":0,"shapes":[{"ty":"gr","it":[{"ind":0,"ty":"sh","ix":1,"ks":{"a":0,"k":{"i":[[-0.506,0],[0,0],[-0.075,-0.338],[0,0],[0.799,0.014],[4.181,0],[3.552,0],[-1.454,0.317],[-2.087,1.876]],"o":[[0,0],[0.347,0],[0,0],[0.174,0.78],[-3.319,-0.057],[-2.572,0],[-3.473,0],[6.52,-1.427],[0.377,-0.338]],"v":[[1.733,-4.81],[12.049,-4.81],[12.77,-4.232],[14.441,3.289],[13.203,4.794],[3.281,4.543],[-10.6,4.81],[-13.161,0.98],[0.359,-4.29]],"c":true},"ix":2},"nm":"Path 1","mn":"ADBE Vector Shape - Group","hd":false},{"ty":"fl","c":{"a":0,"k":[0.149000010771,0.195999998205,0.219999994016,1],"ix":4},"o":{"a":0,"k":100,"ix":5},"r":1,"bm":0,"nm":"Fill 1","mn":"ADBE Vector Graphic - Fill","hd":false},{"ty":"tr","p":{"a":0,"k":[14.865,5.06],"ix":2},"a":{"a":0,"k":[0,0],"ix":1},"s":{"a":0,"k":[100,100],"ix":3},"r":{"a":0,"k":0,"ix":6},"o":{"a":0,"k":100,"ix":7},"sk":{"a":0,"k":0,"ix":4},"sa":{"a":0,"k":0,"ix":5},"nm":"Transform"}],"nm":"Group 1","np":4,"cix":2,"bm":0,"ix":1,"mn":"ADBE Vector Group","hd":false}],"ip":0,"op":38.0000015477717,"st":0,"bm":0},{"ddd":0,"ind":44,"ty":4,"nm":"Layer 37 Outlines","sr":1,"ks":{"o":{"a":0,"k":100,"ix":11},"r":{"a":0,"k":0,"ix":10},"p":{"a":0,"k":[258.422,389.326,0],"ix":2},"a":{"a":0,"k":[5.535,10.048,0],"ix":1},"s":{"a":0,"k":[100,100,100],"ix":6}},"ao":0,"shapes":[{"ty":"gr","it":[{"ind":0,"ty":"sh","ix":1,"ks":{"a":0,"k":{"i":[[0,0],[0,0],[0,0],[0,0]],"o":[[0,0],[0,0],[0,0],[0,0]],"v":[[5.285,9.798],[-3.178,9.798],[-5.285,-9.798],[3.177,-9.798]],"c":true},"ix":2},"nm":"Path 1","mn":"ADBE Vector Shape - Group","hd":false},{"ty":"fl","c":{"a":0,"k":[1,0.709999952129,0.451000019148,1],"ix":4},"o":{"a":0,"k":100,"ix":5},"r":1,"bm":0,"nm":"Fill 1","mn":"ADBE Vector Graphic - Fill","hd":false},{"ty":"tr","p":{"a":0,"k":[5.534,10.048],"ix":2},"a":{"a":0,"k":[0,0],"ix":1},"s":{"a":0,"k":[100,100],"ix":3},"r":{"a":0,"k":0,"ix":6},"o":{"a":0,"k":100,"ix":7},"sk":{"a":0,"k":0,"ix":4},"sa":{"a":0,"k":0,"ix":5},"nm":"Transform"}],"nm":"Group 1","np":2,"cix":2,"bm":0,"ix":1,"mn":"ADBE Vector Group","hd":false}],"ip":0,"op":38.0000015477717,"st":0,"bm":0},{"ddd":0,"ind":45,"ty":4,"nm":"Layer 38 Outlines","sr":1,"ks":{"o":{"a":0,"k":100,"ix":11},"r":{"a":0,"k":0,"ix":10},"p":{"a":0,"k":[191.743,388.044,0],"ix":2},"a":{"a":0,"k":[6.258,11.23,0],"ix":1},"s":{"a":0,"k":[100,100,100],"ix":6}},"ao":0,"shapes":[{"ty":"gr","it":[{"ind":0,"ty":"sh","ix":1,"ks":{"a":0,"k":{"i":[[0,0],[0,0],[0,0],[0,0]],"o":[[0,0],[0,0],[0,0],[0,0]],"v":[[2.032,10.98],[-6.008,8.34],[-2.031,-10.98],[6.008,-8.34]],"c":true},"ix":2},"nm":"Path 1","mn":"ADBE Vector Shape - Group","hd":false},{"ty":"fl","c":{"a":0,"k":[1,0.709999952129,0.451000019148,1],"ix":4},"o":{"a":0,"k":100,"ix":5},"r":1,"bm":0,"nm":"Fill 1","mn":"ADBE Vector Graphic - Fill","hd":false},{"ty":"tr","p":{"a":0,"k":[6.258,11.23],"ix":2},"a":{"a":0,"k":[0,0],"ix":1},"s":{"a":0,"k":[100,100],"ix":3},"r":{"a":0,"k":0,"ix":6},"o":{"a":0,"k":100,"ix":7},"sk":{"a":0,"k":0,"ix":4},"sa":{"a":0,"k":0,"ix":5},"nm":"Transform"}],"nm":"Group 1","np":2,"cix":2,"bm":0,"ix":1,"mn":"ADBE Vector Group","hd":false}],"ip":0,"op":38.0000015477717,"st":0,"bm":0},{"ddd":0,"ind":46,"ty":4,"nm":"Shape Layer 1","sr":1,"ks":{"o":{"a":0,"k":100,"ix":11},"r":{"a":0,"k":0,"ix":10},"p":{"a":0,"k":[227.383,228.264,0],"ix":2},"a":{"a":0,"k":[-6.5,-34,0],"ix":1},"s":{"a":0,"k":[100,100,100],"ix":6}},"ao":0,"shapes":[{"ty":"gr","it":[{"ind":0,"ty":"sh","ix":1,"ks":{"a":0,"k":{"i":[[0.5,-0.5],[31.5,-48.5],[-2,-1],[-1.5,0],[1.5,0.5],[-1,0]],"o":[[-121,-51.5],[-31.5,48.5],[64,167],[126.5,-47.5],[-54,-46],[-24.5,-56]],"v":[[40.117,-170.264],[-151.383,-105.764],[-156.883,38.736],[154.117,138.236],[220.117,14.236],[144.117,-74.264]],"c":true},"ix":2},"nm":"Path 1","mn":"ADBE Vector Shape - Group","hd":false},{"ty":"fl","c":{"a":0,"k":[0.839061901616,0.945851584042,0.972549019608,1],"ix":4},"o":{"a":0,"k":100,"ix":5},"r":1,"bm":0,"nm":"Fill 1","mn":"ADBE Vector Graphic - Fill","hd":false},{"ty":"tr","p":{"a":0,"k":[0,0],"ix":2},"a":{"a":0,"k":[0,0],"ix":1},"s":{"a":0,"k":[100,100],"ix":3},"r":{"a":0,"k":0,"ix":6},"o":{"a":0,"k":100,"ix":7},"sk":{"a":0,"k":0,"ix":4},"sa":{"a":0,"k":0,"ix":5},"nm":"Transform"}],"nm":"Shape 1","np":3,"cix":2,"bm":0,"ix":1,"mn":"ADBE Vector Group","hd":false}],"ip":0,"op":38.0000015477717,"st":0,"bm":0}],"markers":[]}